participantId,q7,q8,q9,q12,q13,q14,q10,q11,format,q10_months,q10_years
64457bc906c125cebd4bf66b,,,High School,"{'JSON': 'Not familiar at all', 'JSONC': 'Not familiar at all', 'JSON5': 'Not familiar at all', 'HJSON': 'Not familiar at all', 'YAML': 'Not familiar at all', 'TOML': 'Not familiar at all', 'XML': 'Not familiar at all'}","['No, I do not have any cognitive-related conditions.']","['No, I do not have any related conditions.']",0.0,Not familiar at all,json5,0.0,0.0
6697c8b6d9d7baa7edd8c4d3,,,Master's,"{'JSON': 'Heard of it but never used', 'JSONC': 'Not familiar at all', 'JSON5': 'Not familiar at all', 'HJSON': 'Heard of it but never used', 'YAML': 'Not familiar at all', 'TOML': 'Not familiar at all', 'XML': 'Used it a few times'}","['No, I do not have any cognitive-related conditions.']","['No, I do not have any related conditions.']",12.0,Not familiar at all,hjson,12.0,1.0
67e25388d573ec2d5f1c8442,,,Bachelor's,"{'JSON': 'Not familiar at all', 'JSONC': 'Used it a few times', 'JSON5': 'Not familiar at all', 'HJSON': 'Not familiar at all', 'YAML': 'Heard of it but never used', 'TOML': 'Not familiar at all', 'XML': 'Used it a few times'}","['No, I do not have any cognitive-related conditions.']","['No, I do not have any related conditions.']",2.0,Somewhat familiar,yaml,2.0,0.17
67e5cf90b79d0874e1cf16b0,"I carefully followed every task by manually reading, updating, and restructuring the TOML data according to each specific instruction.",No,Bachelor's,"{'JSON': 'Used it a few times', 'JSONC': 'Heard of it but never used', 'JSON5': 'Heard of it but never used', 'HJSON': 'Not familiar at all', 'YAML': 'Not familiar at all', 'TOML': 'Not familiar at all', 'XML': 'Heard of it but never used'}","['No, I do not have any cognitive-related conditions.']","['No, I do not have any related conditions.']",41.0,Very familiar,toml,41.0,3.42
67d00f24466a67ba7e41228e,None,None,Master's,"{'JSON': 'Heard of it but never used', 'JSONC': 'Heard of it but never used', 'JSON5': 'Heard of it but never used', 'HJSON': 'Not familiar at all', 'YAML': 'Heard of it but never used', 'TOML': 'Heard of it but never used', 'XML': 'Heard of it but never used'}","['No, I do not have any cognitive-related conditions.']","['No, I do not have any related conditions.']",20.0,Somewhat familiar,toml,20.0,1.67
66475d6f7b27e4443ef0d031,,,Master's,"{'JSON': 'Used it a few times', 'JSONC': 'Not familiar at all', 'JSON5': 'Not familiar at all', 'HJSON': 'Not familiar at all', 'YAML': 'Not familiar at all', 'TOML': 'Not familiar at all', 'XML': 'Not familiar at all'}","['No, I do not have any cognitive-related conditions.']","['No, I do not have any related conditions.']",6.0,Not familiar at all,json,6.0,0.5
6672d878f68b9e349b56e871,,,Bachelor's,"{'JSON': 'Heard of it but never used', 'JSONC': 'Used it a few times', 'JSON5': 'Used it a few times', 'HJSON': 'Used it a few times', 'YAML': 'Comfortable using it', 'TOML': 'Heard of it but never used', 'XML': 'Heard of it but never used'}","['No, I do not have any cognitive-related conditions.']","['No, I do not have any related conditions.']",6.0,Somewhat familiar,toml,6.0,0.5
67f5bb69760b211cdfe8021c,,,Bachelor's,"{'JSON': 'Used it a few times', 'JSONC': 'Used it a few times', 'JSON5': 'Heard of it but never used', 'HJSON': 'Heard of it but never used', 'YAML': 'Not familiar at all', 'TOML': 'Not familiar at all', 'XML': 'Not familiar at all'}","['No, I do not have any cognitive-related conditions.']","['No, I do not have any related conditions.']",24.0,Somewhat familiar,jsonc,24.0,2.0
67e571bef6af7ecd9c29ad72,,,Bachelor's,"{'JSON': 'Expert', 'JSONC': 'Comfortable using it', 'JSON5': 'Used it a few times', 'HJSON': 'Expert', 'YAML': 'Comfortable using it', 'TOML': 'Used it a few times', 'XML': 'Expert'}","['No, I do not have any cognitive-related conditions.']","['Prefer not to say.', 'No, I do not have any related conditions.']",36.0,Very familiar,json,36.0,3.0
60f1f1d4ac991a259b83f603,,,Bachelor's,"{'JSON': 'Not familiar at all', 'JSONC': 'Not familiar at all', 'JSON5': 'Not familiar at all', 'HJSON': 'Not familiar at all', 'YAML': 'Not familiar at all', 'TOML': 'Not familiar at all', 'XML': 'Not familiar at all'}","['No, I do not have any cognitive-related conditions.']","['No, I do not have any related conditions.']",0.0,Not familiar at all,json,0.0,0.0
678f0bb28ec3307e4f1afb78,The help button should include more examples,,Bachelor's,"{'JSON': 'Not familiar at all', 'JSONC': 'Not familiar at all', 'JSON5': 'Not familiar at all', 'HJSON': 'Not familiar at all', 'YAML': 'Not familiar at all', 'TOML': 'Not familiar at all', 'XML': 'Not familiar at all'}","['No, I do not have any cognitive-related conditions.']","['No, I do not have any related conditions.']",80.0,Not familiar at all,hjson,80.0,6.67
669b961e1c9cf30a26bb57d2,N/A,The task was very challenging,Bachelor's,"{'JSON': 'Used it a few times', 'JSONC': 'Used it a few times', 'JSON5': 'Used it a few times', 'HJSON': 'Used it a few times', 'YAML': 'Used it a few times', 'TOML': 'Used it a few times', 'XML': 'Used it a few times'}","['No, I do not have any cognitive-related conditions.']","['No, I do not have any related conditions.']",48.0,Somewhat familiar,xml,48.0,4.0
673c13c9d37c8a73bc80b8ce,,,Bachelor's,"{'JSON': 'Heard of it but never used', 'JSONC': 'Not familiar at all', 'JSON5': 'Heard of it but never used', 'HJSON': 'Not familiar at all', 'YAML': 'Not familiar at all', 'TOML': 'Not familiar at all', 'XML': 'Not familiar at all'}","['No, I do not have any cognitive-related conditions.']","['No, I do not have any related conditions.']",6.0,Somewhat familiar,json,6.0,0.5
66992f58a7964f557fc75f58,,,Master's,"{'JSON': 'Heard of it but never used', 'JSONC': 'Heard of it but never used', 'JSON5': 'Heard of it but never used', 'HJSON': 'Heard of it but never used', 'YAML': 'Heard of it but never used', 'TOML': 'Heard of it but never used', 'XML': 'Heard of it but never used'}","['No, I do not have any cognitive-related conditions.']","['No, I do not have any related conditions.']",12.0,Not familiar at all,toml,12.0,1.0
60721c2da01b3a616edba9a7,,,National Tech Diploma,"{'JSON': 'Not familiar at all', 'JSONC': 'Not familiar at all', 'JSON5': 'Not familiar at all', 'HJSON': 'Not familiar at all', 'YAML': 'Not familiar at all', 'TOML': 'Not familiar at all', 'XML': 'Heard of it but never used'}","['No, I do not have any cognitive-related conditions.']","['No, I do not have any related conditions.']",6.0,Not familiar at all,xml,6.0,0.5
673e43cc760355e9e4f042a3,No,No,Bachelor's,"{'JSON': 'Used it a few times', 'JSONC': 'Used it a few times', 'JSON5': 'Used it a few times', 'HJSON': 'Used it a few times', 'YAML': 'Heard of it but never used', 'TOML': 'Heard of it but never used', 'XML': 'Heard of it but never used'}","['No, I do not have any cognitive-related conditions.']","['No, I do not have any related conditions.']",8.0,Somewhat familiar,json5,8.0,0.67
60a0b744298c64d46b63e893,"For someone in their 60's this was quite the confusing study, as I have seen these type of lines in movies but never worked with them before, it was an exciting study, dont get me wrong I enjoyed it, but some of those explanations flew right over my head hahaha.
But thank you for this, expanding my knowledge is still what I enjoy! ",Really interesting study!,High School,"{'JSON': 'Not familiar at all', 'JSONC': 'Not familiar at all', 'JSON5': 'Not familiar at all', 'HJSON': 'Not familiar at all', 'YAML': 'Not familiar at all', 'TOML': 'Not familiar at all', 'XML': 'Heard of it but never used'}","['No, I do not have any cognitive-related conditions.']","['No, I do not have any related conditions.']",0.0,Not familiar at all,hjson,0.0,0.0
67dc19c31078d1581e39e75a,,,Bachelor's,"{'JSON': 'Used it a few times', 'JSONC': 'Used it a few times', 'JSON5': 'Heard of it but never used', 'HJSON': 'Used it a few times', 'YAML': 'Used it a few times', 'TOML': 'Used it a few times', 'XML': 'Comfortable using it'}","['No, I do not have any cognitive-related conditions.']","['No, I do not have any related conditions.']",48.0,Somewhat familiar,yaml,48.0,4.0
678bad003d15e6aba1ee5a5d,No,No,Bachelor's,"{'JSON': 'Comfortable using it', 'JSONC': 'Comfortable using it', 'JSON5': 'Comfortable using it', 'HJSON': 'Comfortable using it', 'YAML': 'Comfortable using it', 'TOML': 'Comfortable using it', 'XML': 'Comfortable using it'}","['No, I do not have any cognitive-related conditions.']","['No, I do not have any related conditions.']",62.0,Somewhat familiar,jsonc,62.0,5.17
66cdfebcb908ea2717d06b6c,I used my existing knowledge of Python and Java to write the code using knowledge of lists and nested lists.,,Bachelor's,"{'JSON': 'Heard of it but never used', 'JSONC': 'Not familiar at all', 'JSON5': 'Not familiar at all', 'HJSON': 'Comfortable using it', 'YAML': 'Not familiar at all', 'TOML': 'Not familiar at all', 'XML': 'Not familiar at all'}","['No, I do not have any cognitive-related conditions.']","['No, I do not have any related conditions.']",36.0,Somewhat familiar,hjson,36.0,3.0
67f0c5d37f91ceae5cb3b318,experienced,enjoyed,Master's,"{'JSON': 'Expert', 'JSONC': 'Comfortable using it', 'JSON5': 'Comfortable using it', 'HJSON': 'Used it a few times', 'YAML': 'Heard of it but never used', 'TOML': 'Heard of it but never used', 'XML': 'Heard of it but never used'}","['No, I do not have any cognitive-related conditions.']","['No, I do not have any related conditions.']",18.0,Very familiar,jsonc,18.0,1.5
56cb8858edf8da000b6df354,Task was easy. It was annoying that the examples did not include any complex data structures with multiple entries. Multi-cursor being disabled was a pain for the last part.,n/a,Master's,"{'JSON': 'Comfortable using it', 'JSONC': 'Not familiar at all', 'JSON5': 'Not familiar at all', 'HJSON': 'Comfortable using it', 'YAML': 'Comfortable using it', 'TOML': 'Not familiar at all', 'XML': 'Comfortable using it'}","['No, I do not have any cognitive-related conditions.']","['No, I do not have any related conditions.']",60.0,Somewhat familiar,hjson,60.0,5.0
67aee0dfad3492b61a9ba0eb,No,No,Bachelor's,"{'JSON': 'Not familiar at all', 'JSONC': 'Not familiar at all', 'JSON5': 'Not familiar at all', 'HJSON': 'Not familiar at all', 'YAML': 'Used it a few times', 'TOML': 'Not familiar at all', 'XML': 'Not familiar at all'}","['No, I do not have any cognitive-related conditions.']","['No, I do not have any related conditions.']",2.0,Not familiar at all,jsonc,2.0,0.17
667971a555af1f83d3f29ae7,,That this hjson format is not very intuitive and I'd rather just use yaml.,Bachelor's,"{'JSON': 'Comfortable using it', 'JSONC': 'Not familiar at all', 'JSON5': 'Not familiar at all', 'HJSON': 'Not familiar at all', 'YAML': 'Comfortable using it', 'TOML': 'Used it a few times', 'XML': 'Used it a few times'}","['No, I do not have any cognitive-related conditions.']","['No, I do not have any related conditions.']",180.0,Somewhat familiar,hjson,180.0,15.0
5c6414540821d30001046198,"I don't have much experience with programming, I just took like one class of PHP like 15 years ago so this study was extremely difficult for me; I'm not sure if it was intended for regular people? Because it seemed like it was for someone who deals with this type of things daily. I spent most of the time trying to understand the instructions. Some things were easy but the part where I had to write down that whole list with patients and tests, I don't think this is doable for someone who has zero experience with this kind of things..?",As above,Bachelor's,"{'JSON': 'Not familiar at all', 'JSONC': 'Not familiar at all', 'JSON5': 'Not familiar at all', 'HJSON': 'Not familiar at all', 'YAML': 'Not familiar at all', 'TOML': 'Not familiar at all', 'XML': 'Not familiar at all'}",ADHD if it counts,"['No, I do not have any related conditions.']",0.5,Not familiar at all,hjson,0.5,0.04
6788c1c724c24dc56b08790a,Great study  requiring both thinking and physical work.,Nothing.,Bachelor's,"{'JSON': 'Heard of it but never used', 'JSONC': 'Heard of it but never used', 'JSON5': 'Heard of it but never used', 'HJSON': 'Heard of it but never used', 'YAML': 'Heard of it but never used', 'TOML': 'Heard of it but never used', 'XML': 'Used it a few times'}","['No, I do not have any cognitive-related conditions.']","['No, I do not have any related conditions.']",4.0,Somewhat familiar,json5,4.0,0.33
67adb520391eb17f214a50b4,,,Master's,"{'JSON': 'Used it a few times', 'JSONC': 'Heard of it but never used', 'JSON5': 'Heard of it but never used', 'HJSON': 'Not familiar at all', 'YAML': 'Not familiar at all', 'TOML': 'Not familiar at all', 'XML': 'Not familiar at all'}","['No, I do not have any cognitive-related conditions.']","['No, I do not have any related conditions.']",3.0,Somewhat familiar,yaml,3.0,0.25
67d95269b47464c18da766ca,,,Bachelor's,"{'JSON': 'Not familiar at all', 'JSONC': 'Not familiar at all', 'JSON5': 'Not familiar at all', 'HJSON': 'Not familiar at all', 'YAML': 'Not familiar at all', 'TOML': 'Heard of it but never used', 'XML': 'Heard of it but never used'}","['No, I do not have any cognitive-related conditions.']","['No, I do not have any related conditions.']",3.0,Not familiar at all,xml,3.0,0.25
64275e53f51a5ed4f6b7d019,"I had trouble with the final one, where you wanted me to make a new key or whatever called Information. Was I supposed to make a table out of them all, or an array? Or was it enough I just put them all under [Information]?","This was fun! I haven't programmed in a long time, so this reminded me of how fun programming can be! Maybe I'll give game programming a try again after this since I suddenly felt inspired. Also, this reminded me of modding files in video games as the format is very similar where they're more like scripts rather than full on hardcore programming. Yeah, XML files, those are common files in modding, specifically in games like Dead Island, Dead Island Riptide, and the State of Decay series which I made quite a number of mods for around a decade ago. By the way, the images were very hard to read. I tried zooming in on them but they're still so small.",Bachelor's,"{'JSON': 'Not familiar at all', 'JSONC': 'Not familiar at all', 'JSON5': 'Not familiar at all', 'HJSON': 'Not familiar at all', 'YAML': 'Not familiar at all', 'TOML': 'Not familiar at all', 'XML': 'Used it a few times'}","['No, I do not have any cognitive-related conditions.']","['No, I do not have any related conditions.']",120.0,Not familiar at all,toml,120.0,10.0
6734346ca8e90c2da6fb4509,On the first answer in the study I accidentally misclicked on my second choice of the text based answer. I tried to go back and change my answer but this was not permitted so i thought i would mention it here incase one of my answers for the first question looks a bit strange. ,I am a software developer so i was familiar with JSON forrmat already ,College Diploma ,"{'JSON': 'Comfortable using it', 'JSONC': 'Used it a few times', 'JSON5': 'Comfortable using it', 'HJSON': 'Heard of it but never used', 'YAML': 'Heard of it but never used', 'TOML': 'Not familiar at all', 'XML': 'Used it a few times'}","['No, I do not have any cognitive-related conditions.']","['No, I do not have any related conditions.']",36.0,Very familiar,jsonc,36.0,3.0
66049694dfb8828a8f3dce70,,,Bachelor's,"{'JSON': 'Not familiar at all', 'JSONC': 'Not familiar at all', 'JSON5': 'Not familiar at all', 'HJSON': 'Not familiar at all', 'YAML': 'Not familiar at all', 'TOML': 'Not familiar at all', 'XML': 'Not familiar at all'}","['No, I do not have any cognitive-related conditions.']","['No, I do not have any related conditions.']",0.0,Not familiar at all,yaml,0.0,0.0
67ab214c2cde1be7c45535ac,,,Master's,"{'JSON': 'Used it a few times', 'JSONC': 'Not familiar at all', 'JSON5': 'Not familiar at all', 'HJSON': 'Heard of it but never used', 'YAML': 'Heard of it but never used', 'TOML': 'Heard of it but never used', 'XML': 'Used it a few times'}","['No, I do not have any cognitive-related conditions.']","['No, I do not have any related conditions.']",12.0,Somewhat familiar,jsonc,12.0,1.0
607728dc0b4f8590b94ae57c,I tried to follow the instructions provided.,I usually format my data with text editor extensions so it was a little challenging doing it without the assistance.,Bachelor's,"{'JSON': 'Comfortable using it', 'JSONC': 'Not familiar at all', 'JSON5': 'Not familiar at all', 'HJSON': 'Not familiar at all', 'YAML': 'Comfortable using it', 'TOML': 'Not familiar at all', 'XML': 'Comfortable using it'}","['No, I do not have any cognitive-related conditions.']","['No, I do not have any related conditions.']",60.0,Very familiar,jsonc,60.0,5.0
667c18ace97ab6869cb1c50e,No,No,High School,"{'JSON': 'Not familiar at all', 'JSONC': 'Not familiar at all', 'JSON5': 'Not familiar at all', 'HJSON': 'Not familiar at all', 'YAML': 'Not familiar at all', 'TOML': 'Not familiar at all', 'XML': 'Not familiar at all'}","['No, I do not have any cognitive-related conditions.']","['No, I do not have any related conditions.']",0.0,Not familiar at all,hjson,0.0,0.0
667ac09492ea0caadf488520,No,No,Bachelor's,"{'JSON': 'Used it a few times', 'JSONC': 'Heard of it but never used', 'JSON5': 'Heard of it but never used', 'HJSON': 'Heard of it but never used', 'YAML': 'Heard of it but never used', 'TOML': 'Heard of it but never used', 'XML': 'Used it a few times'}","['No, I do not have any cognitive-related conditions.']","['No, I do not have any related conditions.']",12.0,Somewhat familiar,json,12.0,1.0
6740ae39809389d7da9de209,,,Bachelor's,"{'JSON': 'Not familiar at all', 'JSONC': 'Not familiar at all', 'JSON5': 'Not familiar at all', 'HJSON': 'Not familiar at all', 'YAML': 'Not familiar at all', 'TOML': 'Not familiar at all', 'XML': 'Heard of it but never used'}","['No, I do not have any cognitive-related conditions.']","['No, I do not have any related conditions.']",1.0,Not familiar at all,xml,1.0,0.08
67c246023b44ca64d40ae45a,,,Master's,"{'JSON': 'Used it a few times', 'JSONC': 'Used it a few times', 'JSON5': 'Used it a few times', 'HJSON': 'Used it a few times', 'YAML': 'Used it a few times', 'TOML': 'Heard of it but never used', 'XML': 'Heard of it but never used'}","['No, I do not have any cognitive-related conditions.']","['No, I do not have any related conditions.']",2.0,Somewhat familiar,json5,2.0,0.17
67debe02a893eea51e8d02f2,,I learnt a lot about coding because of this study.,Master's,"{'JSON': 'Used it a few times', 'JSONC': 'Not familiar at all', 'JSON5': 'Not familiar at all', 'HJSON': 'Heard of it but never used', 'YAML': 'Not familiar at all', 'TOML': 'Not familiar at all', 'XML': 'Used it a few times'}","['No, I do not have any cognitive-related conditions.']","['No, I do not have any related conditions.']",2.0,Somewhat familiar,json,2.0,0.17
673d0377254c407e5da57f97,"i was a little bit afraid that i left behind a lot of details and that led me to recheck several times putting effort into it, it wasn't a walk in the park but i don't think i did anything wrong","none, thank you",Bachelor's,"{'JSON': 'Comfortable using it', 'JSONC': 'Used it a few times', 'JSON5': 'Used it a few times', 'HJSON': 'Used it a few times', 'YAML': 'Used it a few times', 'TOML': 'Used it a few times', 'XML': 'Used it a few times'}","['No, I do not have any cognitive-related conditions.']","['No, I do not have any related conditions.']",30.0,Somewhat familiar,toml,30.0,2.5
62fd14d7b1e0729dc8aadb79,No,"Some experience with HTML and CSS, so tried to use those principles as mentioned in the training. Got stuck with key value pairs",Bachelor's,"{'JSON': 'Used it a few times', 'JSONC': 'Not familiar at all', 'JSON5': 'Not familiar at all', 'HJSON': 'Not familiar at all', 'YAML': 'Not familiar at all', 'TOML': 'Not familiar at all', 'XML': 'Heard of it but never used'}","['No, I do not have any cognitive-related conditions.']","['No, I do not have any related conditions.']",18.0,Not familiar at all,xml,18.0,1.5
5dafea4de40355001651fa2f,,,Bachelor's,"{'JSON': 'Heard of it but never used', 'JSONC': 'Heard of it but never used', 'JSON5': 'Not familiar at all', 'HJSON': 'Not familiar at all', 'YAML': 'Heard of it but never used', 'TOML': 'Heard of it but never used', 'XML': 'Heard of it but never used'}","['No, I do not have any cognitive-related conditions.']","['No, I do not have any related conditions.']",0.0,Not familiar at all,jsonc,0.0,0.0
6787e4bd2bf9557a90208f03,it was an interesting study,Nothing much,Master's,"{'JSON': 'Heard of it but never used', 'JSONC': 'Heard of it but never used', 'JSON5': 'Not familiar at all', 'HJSON': 'Heard of it but never used', 'YAML': 'Heard of it but never used', 'TOML': 'Not familiar at all', 'XML': 'Not familiar at all'}","['No, I do not have any cognitive-related conditions.']","['No, I do not have any related conditions.']",0.0,Somewhat familiar,yaml,0.0,0.0
5e8a5a892f6f027054a83d88,,,Bachelor's,"{'JSON': 'Used it a few times', 'JSONC': 'Heard of it but never used', 'JSON5': 'Heard of it but never used', 'HJSON': 'Heard of it but never used', 'YAML': 'Heard of it but never used', 'TOML': 'Used it a few times', 'XML': 'Used it a few times'}","['No, I do not have any cognitive-related conditions.']","['No, I do not have any related conditions.']",2.0,Not familiar at all,toml,2.0,0.17
67e4920c40c9561040ca01d0,no,nothing,Master's,"{'JSON': 'Comfortable using it', 'JSONC': 'Comfortable using it', 'JSON5': 'Comfortable using it', 'HJSON': 'Comfortable using it', 'YAML': 'Comfortable using it', 'TOML': 'Comfortable using it', 'XML': 'Comfortable using it'}","['No, I do not have any cognitive-related conditions.']","['No, I do not have any related conditions.']",18.0,Somewhat familiar,xml,18.0,1.5
615200d54efc832849db2259,No,No,Bachelor's,"{'JSON': 'Used it a few times', 'JSONC': 'Not familiar at all', 'JSON5': 'Not familiar at all', 'HJSON': 'Not familiar at all', 'YAML': 'Used it a few times', 'TOML': 'Not familiar at all', 'XML': 'Used it a few times'}","['No, I do not have any cognitive-related conditions.']","['No, I do not have any related conditions.']",20.0,Somewhat familiar,json,20.0,1.67
67f184a3b82990251abd1592,I was a bit frustrated since I was working with a novel YAML language which is unfamiliar.,,Bachelor's,"{'JSON': 'Heard of it but never used', 'JSONC': 'Comfortable using it', 'JSON5': 'Comfortable using it', 'HJSON': 'Heard of it but never used', 'YAML': 'Not familiar at all', 'TOML': 'Heard of it but never used', 'XML': 'Used it a few times'}","['No, I do not have any cognitive-related conditions.']","['No, I do not have any related conditions.']",24.0,Somewhat familiar,yaml,24.0,2.0
67bf88cc763aae600b429a3e,"I got a little lost in the instructions, I'm not familiar with programming at all, but I did my best.","I'm sorry for the performance, but I did my best.",Master's,"{'JSON': 'Not familiar at all', 'JSONC': 'Not familiar at all', 'JSON5': 'Not familiar at all', 'HJSON': 'Not familiar at all', 'YAML': 'Not familiar at all', 'TOML': 'Not familiar at all', 'XML': 'Not familiar at all'}","['No, I do not have any cognitive-related conditions.']","['No, I do not have any related conditions.']",0.0,Not familiar at all,toml,0.0,0.0
67a754a5c8614c52a939d87b,,,Bachelor's,"{'JSON': 'Comfortable using it', 'JSONC': 'Comfortable using it', 'JSON5': 'Comfortable using it', 'HJSON': 'Used it a few times', 'YAML': 'Comfortable using it', 'TOML': 'Used it a few times', 'XML': 'Comfortable using it'}","['No, I do not have any cognitive-related conditions.']","['No, I do not have any related conditions.']",60.0,Very familiar,hjson,60.0,5.0
60fce3df91350150e2e88423,,,Certificate Program ,"{'JSON': 'Not familiar at all', 'JSONC': 'Not familiar at all', 'JSON5': 'Not familiar at all', 'HJSON': 'Not familiar at all', 'YAML': 'Used it a few times', 'TOML': 'Not familiar at all', 'XML': 'Not familiar at all'}","['No, I do not have any cognitive-related conditions.']","['No, I do not have any related conditions.']",0.0,Not familiar at all,yaml,0.0,0.0
67d29234dbfdb6668d124115,,,Bachelor's,"{'JSON': 'Heard of it but never used', 'JSONC': 'Not familiar at all', 'JSON5': 'Heard of it but never used', 'HJSON': 'Heard of it but never used', 'YAML': 'Heard of it but never used', 'TOML': 'Heard of it but never used', 'XML': 'Heard of it but never used'}","['No, I do not have any cognitive-related conditions.']","['No, I do not have any related conditions.']",2.0,Not familiar at all,yaml,2.0,0.17
65cf6d8a589a67afcab54e6f,I don't have any specific information about my answer. I found the tasks straightforward and very easy to complete because of my programming background.,Everything went fine and I didn't face any technical issues. Thanks.,Bachelor's,"{'JSON': 'Expert', 'JSONC': 'Comfortable using it', 'JSON5': 'Comfortable using it', 'HJSON': 'Expert', 'YAML': 'Expert', 'TOML': 'Expert', 'XML': 'Expert'}","['No, I do not have any cognitive-related conditions.']","['No, I do not have any related conditions.']",204.0,Very familiar,hjson,204.0,17.0
672d98919cc177d28c204e76,,,Bachelor's,"{'JSON': 'Not familiar at all', 'JSONC': 'Not familiar at all', 'JSON5': 'Not familiar at all', 'HJSON': 'Not familiar at all', 'YAML': 'Not familiar at all', 'TOML': 'Not familiar at all', 'XML': 'Heard of it but never used'}","['No, I do not have any cognitive-related conditions.']","['No, I do not have any related conditions.']",0.0,Not familiar at all,json5,0.0,0.0
66b0d065329001a04e5ae671,no thanks,no thanks,High School,"{'JSON': 'Used it a few times', 'JSONC': 'Heard of it but never used', 'JSON5': 'Heard of it but never used', 'HJSON': 'Heard of it but never used', 'YAML': 'Heard of it but never used', 'TOML': 'Heard of it but never used', 'XML': 'Used it a few times'}","['No, I do not have any cognitive-related conditions.']","['No, I do not have any related conditions.']",0.0,Somewhat familiar,json,0.0,0.0
67f1a4f8dd44e7cd5adffa29,"No. I think I did everything fine, but I had to rush in some due to time. ","The study was enegaging and fun, but needed more time",Master's,"{'JSON': 'Expert', 'JSONC': 'Comfortable using it', 'JSON5': 'Expert', 'HJSON': 'Comfortable using it', 'YAML': 'Comfortable using it', 'TOML': 'Comfortable using it', 'XML': 'Expert'}","['No, I do not have any cognitive-related conditions.']","['No, I do not have any related conditions.']",48.0,Very familiar,json5,48.0,4.0
5e3b5fa9255e7a37bc841135,,nothing,Master's,"{'JSON': 'Not familiar at all', 'JSONC': 'Not familiar at all', 'JSON5': 'Not familiar at all', 'HJSON': 'Not familiar at all', 'YAML': 'Not familiar at all', 'TOML': 'Not familiar at all', 'XML': 'Not familiar at all'}","['No, I do not have any cognitive-related conditions.']","['No, I do not have any related conditions.']",0.0,Not familiar at all,json,0.0,0.0
677c52fe648cd68583dd3b1e,,,Master's,"{'JSON': 'Heard of it but never used', 'JSONC': 'Heard of it but never used', 'JSON5': 'Not familiar at all', 'HJSON': 'Used it a few times', 'YAML': 'Heard of it but never used', 'TOML': 'Used it a few times', 'XML': 'Used it a few times'}","['No, I do not have any cognitive-related conditions.']","['No, I do not have any related conditions.']",18.0,Somewhat familiar,xml,18.0,1.5
5d30dfa68b1523000134878f,"Nothing really much to add here, I just followed the instructions to the best of my ability while keeping in mind about the syntax.",N/A,Bachelor's,"{'JSON': 'Used it a few times', 'JSONC': 'Not familiar at all', 'JSON5': 'Not familiar at all', 'HJSON': 'Not familiar at all', 'YAML': 'Not familiar at all', 'TOML': 'Not familiar at all', 'XML': 'Heard of it but never used'}","['No, I do not have any cognitive-related conditions.']","['No, I do not have any related conditions.']",1.0,Somewhat familiar,json,1.0,0.08
671a519900a99ebc15a67672,,,High School,"{'JSON': 'Heard of it but never used', 'JSONC': 'Used it a few times', 'JSON5': 'Heard of it but never used', 'HJSON': 'Heard of it but never used', 'YAML': 'Heard of it but never used', 'TOML': 'Used it a few times', 'XML': 'Heard of it but never used'}","['No, I do not have any cognitive-related conditions.']","['No, I do not have any related conditions.']",38.0,Somewhat familiar,yaml,38.0,3.17
672ca6c0324ac26cdc0dd298,,,Master's,"{'JSON': 'Used it a few times', 'JSONC': 'Heard of it but never used', 'JSON5': 'Heard of it but never used', 'HJSON': 'Heard of it but never used', 'YAML': 'Heard of it but never used', 'TOML': 'Heard of it but never used', 'XML': 'Heard of it but never used'}",['Prefer not to say.'],"['No, I do not have any related conditions.']",14.0,Somewhat familiar,json5,14.0,1.17
67d7fa657f5ac0292a291a38,,,Bachelor's,"{'JSON': 'Heard of it but never used', 'JSONC': 'Not familiar at all', 'JSON5': 'Not familiar at all', 'HJSON': 'Heard of it but never used', 'YAML': 'Comfortable using it', 'TOML': 'Not familiar at all', 'XML': 'Heard of it but never used'}","['No, I do not have any cognitive-related conditions.']","['No, I do not have any related conditions.']",3.0,Somewhat familiar,hjson,3.0,0.25
677d185800ab83d1b0185d82,,,Bachelor's,"{'JSON': 'Heard of it but never used', 'JSONC': 'Not familiar at all', 'JSON5': 'Heard of it but never used', 'HJSON': 'Heard of it but never used', 'YAML': 'Heard of it but never used', 'TOML': 'Heard of it but never used', 'XML': 'Heard of it but never used'}","['No, I do not have any cognitive-related conditions.']","['No, I do not have any related conditions.']",56.0,Somewhat familiar,jsonc,56.0,4.67
5b68c9eb87af310001584803,,none,Bachelor's,"{'JSON': 'Not familiar at all', 'JSONC': 'Not familiar at all', 'JSON5': 'Not familiar at all', 'HJSON': 'Not familiar at all', 'YAML': 'Not familiar at all', 'TOML': 'Not familiar at all', 'XML': 'Used it a few times'}","['No, I do not have any cognitive-related conditions.']","['No, I do not have any related conditions.']",2.0,Somewhat familiar,json5,2.0,0.17
6784ff2095dd9b97e969b01f,not at all,Awesome study,Bachelor's,"{'JSON': 'Used it a few times', 'JSONC': 'Heard of it but never used', 'JSON5': 'Heard of it but never used', 'HJSON': 'Heard of it but never used', 'YAML': 'Heard of it but never used', 'TOML': 'Heard of it but never used', 'XML': 'Used it a few times'}","['No, I do not have any cognitive-related conditions.']","['No, I do not have any related conditions.']",3.0,Somewhat familiar,jsonc,3.0,0.25
67eff2b1a264260e948a4d14,,,Bachelor's,"{'JSON': 'Not familiar at all', 'JSONC': 'Not familiar at all', 'JSON5': 'Not familiar at all', 'HJSON': 'Not familiar at all', 'YAML': 'Not familiar at all', 'TOML': 'Not familiar at all', 'XML': 'Not familiar at all'}","['No, I do not have any cognitive-related conditions.']","['No, I do not have any related conditions.']",24.0,Not familiar at all,xml,24.0,2.0
5ecc71c95c92c2000a9e9a19,"I just tried understanding the guidelines as best as I could. I have very little knowledge of coding, so sometimes it was easier and sometimes harder.",,Bachelor's,"{'JSON': 'Heard of it but never used', 'JSONC': 'Not familiar at all', 'JSON5': 'Not familiar at all', 'HJSON': 'Not familiar at all', 'YAML': 'Not familiar at all', 'TOML': 'Not familiar at all', 'XML': 'Used it a few times'}","['No, I do not have any cognitive-related conditions.']","['No, I do not have any related conditions.']",1.0,Not familiar at all,jsonc,1.0,0.08
61267b828ead584bcf092e35,,no,Bachelor's,"{'JSON': 'Not familiar at all', 'JSONC': 'Not familiar at all', 'JSON5': 'Not familiar at all', 'HJSON': 'Not familiar at all', 'YAML': 'Not familiar at all', 'TOML': 'Not familiar at all', 'XML': 'Not familiar at all'}","['No, I do not have any cognitive-related conditions.']","['No, I do not have any related conditions.']",0.0,Not familiar at all,hjson,0.0,0.0
6501c0a2e788b5556c24569d,,,Bachelor's,"{'JSON': 'Used it a few times', 'JSONC': 'Not familiar at all', 'JSON5': 'Not familiar at all', 'HJSON': 'Not familiar at all', 'YAML': 'Used it a few times', 'TOML': 'Not familiar at all', 'XML': 'Used it a few times'}","['No, I do not have any cognitive-related conditions.']","['No, I do not have any related conditions.']",48.0,Somewhat familiar,xml,48.0,4.0
637d8ca00150ac6e71a34ec9,,,Bachelor's,"{'JSON': 'Not familiar at all', 'JSONC': 'Not familiar at all', 'JSON5': 'Not familiar at all', 'HJSON': 'Not familiar at all', 'YAML': 'Not familiar at all', 'TOML': 'Not familiar at all', 'XML': 'Not familiar at all'}","['No, I do not have any cognitive-related conditions.']","['No, I do not have any related conditions.']",0.0,Not familiar at all,yaml,0.0,0.0
67cb01a82dda2577eb6ee320,I went with instructions and stuck to doing the right things as well as applying proper syntax,It was a great study actually,Master's,"{'JSON': 'Comfortable using it', 'JSONC': 'Used it a few times', 'JSON5': 'Comfortable using it', 'HJSON': 'Used it a few times', 'YAML': 'Used it a few times', 'TOML': 'Used it a few times', 'XML': 'Comfortable using it'}","['No, I do not have any cognitive-related conditions.']","['No, I do not have any related conditions.']",24.0,Very familiar,json,24.0,2.0
67e17bac09359e09118892b4,,,Bachelor's,"{'JSON': 'Used it a few times', 'JSONC': 'Used it a few times', 'JSON5': 'Comfortable using it', 'HJSON': 'Used it a few times', 'YAML': 'Used it a few times', 'TOML': 'Used it a few times', 'XML': 'Comfortable using it'}","['No, I do not have any cognitive-related conditions.']","['No, I do not have any related conditions.']",12.0,Somewhat familiar,json5,12.0,1.0
6606b31155457e4f162ecf5a,,,Bachelor's,"{'JSON': 'Expert', 'JSONC': 'Used it a few times', 'JSON5': 'Used it a few times', 'HJSON': 'Heard of it but never used', 'YAML': 'Comfortable using it', 'TOML': 'Heard of it but never used', 'XML': 'Comfortable using it'}","['No, I do not have any cognitive-related conditions.']","['No, I do not have any related conditions.']",48.0,Very familiar,json5,48.0,4.0
63e5b3e89a3823139cb9d35e,,nice study,Master's,"{'JSON': 'Heard of it but never used', 'JSONC': 'Not familiar at all', 'JSON5': 'Not familiar at all', 'HJSON': 'Not familiar at all', 'YAML': 'Not familiar at all', 'TOML': 'Not familiar at all', 'XML': 'Heard of it but never used'}","['No, I do not have any cognitive-related conditions.']","['No, I do not have any related conditions.']",0.0,Not familiar at all,toml,0.0,0.0
66bb6b7e0ccbed81f3ed30a8,it very dificult for some one hwo never learn xml,,Master's,"{'JSON': 'Not familiar at all', 'JSONC': 'Not familiar at all', 'JSON5': 'Not familiar at all', 'HJSON': 'Not familiar at all', 'YAML': 'Not familiar at all', 'TOML': 'Not familiar at all', 'XML': 'Not familiar at all'}","['No, I do not have any cognitive-related conditions.']","['No, I do not have any related conditions.']",0.0,Not familiar at all,xml,0.0,0.0
6753746b1f8827e2bd586bf0,i feel like i didnt have a clue what i was doing and i really struggled to understand. but i did try my best,,High School,"{'JSON': 'Heard of it but never used', 'JSONC': 'Not familiar at all', 'JSON5': 'Not familiar at all', 'HJSON': 'Not familiar at all', 'YAML': 'Not familiar at all', 'TOML': 'Not familiar at all', 'XML': 'Used it a few times'}","['No, I do not have any cognitive-related conditions.']","['No, I do not have any related conditions.']",0.0,Not familiar at all,xml,0.0,0.0
67cd944859dabbd1d4552d39,It took up a lot of my mental and physical ability to complete the task as it needed a lot of thinking and understanding and also physically it needed typing which is tiring. I however did it to my level best.,none,Bachelor's,"{'JSON': 'Heard of it but never used', 'JSONC': 'Heard of it but never used', 'JSON5': 'Heard of it but never used', 'HJSON': 'Not familiar at all', 'YAML': 'Not familiar at all', 'TOML': 'Not familiar at all', 'XML': 'Used it a few times'}","['No, I do not have any cognitive-related conditions.']","['No, I do not have any related conditions.']",12.0,Somewhat familiar,json,12.0,1.0
57c357770e6a1f00015f6038,I found some of the tasks more difficult than others,This was a high mental effort task for me,Master's,"{'JSON': 'Heard of it but never used', 'JSONC': 'Not familiar at all', 'JSON5': 'Not familiar at all', 'HJSON': 'Not familiar at all', 'YAML': 'Not familiar at all', 'TOML': 'Not familiar at all', 'XML': 'Heard of it but never used'}","['No, I do not have any cognitive-related conditions.']","['No, I do not have any related conditions.']",12.0,Not familiar at all,json,12.0,1.0
67d188bcc201cc08eac23f92,NO COMPLAINTS,,Master's,"{'JSON': 'Comfortable using it', 'JSONC': 'Heard of it but never used', 'JSON5': 'Used it a few times', 'HJSON': 'Heard of it but never used', 'YAML': 'Heard of it but never used', 'TOML': 'Comfortable using it', 'XML': 'Comfortable using it'}","['No, I do not have any cognitive-related conditions.']","['No, I do not have any related conditions.']",17.0,Somewhat familiar,json5,17.0,1.42
67f3619e16d4ca195fbd1bd0,No,No,Master's,"{'JSON': 'Comfortable using it', 'JSONC': 'Comfortable using it', 'JSON5': 'Comfortable using it', 'HJSON': 'Used it a few times', 'YAML': 'Used it a few times', 'TOML': 'Used it a few times', 'XML': 'Comfortable using it'}","['No, I do not have any cognitive-related conditions.']","['No, I do not have any related conditions.']",60.0,Somewhat familiar,yaml,60.0,5.0
66781db404eab5e142f849d9,,,Bachelor's,"{'JSON': 'Heard of it but never used', 'JSONC': 'Heard of it but never used', 'JSON5': 'Heard of it but never used', 'HJSON': 'Heard of it but never used', 'YAML': 'Heard of it but never used', 'TOML': 'Heard of it but never used', 'XML': 'Used it a few times'}","['No, I do not have any cognitive-related conditions.']","['No, I do not have any related conditions.']",24.0,Not familiar at all,jsonc,24.0,2.0
667c2175b570aa694ce2f63c,,,High School,"{'JSON': 'Heard of it but never used', 'JSONC': 'Not familiar at all', 'JSON5': 'Not familiar at all', 'HJSON': 'Not familiar at all', 'YAML': 'Not familiar at all', 'TOML': 'Not familiar at all', 'XML': 'Used it a few times'}","['No, I do not have any cognitive-related conditions.']","['No, I do not have any related conditions.']",12.0,Not familiar at all,toml,12.0,1.0
67d1283c8f6169900d0072d2,,"The study ŵas challenginng and hard
",Bachelor's,"{'JSON': 'Heard of it but never used', 'JSONC': 'Heard of it but never used', 'JSON5': 'Heard of it but never used', 'HJSON': 'Heard of it but never used', 'YAML': 'Heard of it but never used', 'TOML': 'Heard of it but never used', 'XML': 'Heard of it but never used'}","['No, I do not have any cognitive-related conditions.']","['No, I do not have any related conditions.']",1.0,Not familiar at all,yaml,1.0,0.08
5f29eff59714081a3594a331,,,Master's,"{'JSON': 'Heard of it but never used', 'JSONC': 'Not familiar at all', 'JSON5': 'Not familiar at all', 'HJSON': 'Not familiar at all', 'YAML': 'Not familiar at all', 'TOML': 'Not familiar at all', 'XML': 'Used it a few times'}","['No, I do not have any cognitive-related conditions.']","['No, I do not have any related conditions.']",3.0,Not familiar at all,json,3.0,0.25
65be552ceed6a0595fa1feb5,,,High School,"{'JSON': 'Not familiar at all', 'JSONC': 'Not familiar at all', 'JSON5': 'Not familiar at all', 'HJSON': 'Not familiar at all', 'YAML': 'Not familiar at all', 'TOML': 'Not familiar at all', 'XML': 'Not familiar at all'}","['No, I do not have any cognitive-related conditions.']","['No, I do not have any related conditions.']",0.0,Not familiar at all,json,0.0,0.0
6577a27da9f5297d49f38e6f,I enjoyed learning more about HJSON this will make me look more into coding and coding languages,was hard but fun,High School,"{'JSON': 'Heard of it but never used', 'JSONC': 'Not familiar at all', 'JSON5': 'Not familiar at all', 'HJSON': 'Heard of it but never used', 'YAML': 'Not familiar at all', 'TOML': 'Not familiar at all', 'XML': 'Not familiar at all'}","['No, I do not have any cognitive-related conditions.']","['No, I do not have any related conditions.']",6.0,Not familiar at all,hjson,6.0,0.5
67eefd0739d752c54dd52686,actually to understand the reading you have to pay total concentration and give valuable answers,nill,Bachelor's,"{'JSON': 'Comfortable using it', 'JSONC': 'Used it a few times', 'JSON5': 'Heard of it but never used', 'HJSON': 'Heard of it but never used', 'YAML': 'Used it a few times', 'TOML': 'Comfortable using it', 'XML': 'Heard of it but never used'}","['No, I do not have any cognitive-related conditions.']","['No, I do not have any related conditions.']",10.0,Very familiar,toml,10.0,0.83
67e12acb51605ac16c227598,NO,all went well,PhD,"{'JSON': 'Comfortable using it', 'JSONC': 'Comfortable using it', 'JSON5': 'Comfortable using it', 'HJSON': 'Expert', 'YAML': 'Comfortable using it', 'TOML': 'Expert', 'XML': 'Expert'}","['No, I do not have any cognitive-related conditions.']","['No, I do not have any related conditions.']",76.0,Somewhat familiar,jsonc,76.0,6.33
67d9788747176969d8d0fa1d,No.,Nothing,Bachelor's,"{'JSON': 'Used it a few times', 'JSONC': 'Used it a few times', 'JSON5': 'Used it a few times', 'HJSON': 'Comfortable using it', 'YAML': 'Heard of it but never used', 'TOML': 'Used it a few times', 'XML': 'Comfortable using it'}","['No, I do not have any cognitive-related conditions.']","['No, I do not have any related conditions.']",12.0,Somewhat familiar,hjson,12.0,1.0
669a84e18da4349ece0ea67c,,,Bachelor's,"{'JSON': 'Used it a few times', 'JSONC': 'Used it a few times', 'JSON5': 'Used it a few times', 'HJSON': 'Used it a few times', 'YAML': 'Used it a few times', 'TOML': 'Used it a few times', 'XML': 'Used it a few times'}","['No, I do not have any cognitive-related conditions.']","['No, I do not have any related conditions.']",12.0,Somewhat familiar,xml,12.0,1.0
67d548b5aa5737666a77a6d2,,,Bachelor's,"{'JSON': 'Used it a few times', 'JSONC': 'Not familiar at all', 'JSON5': 'Used it a few times', 'HJSON': 'Not familiar at all', 'YAML': 'Comfortable using it', 'TOML': 'Heard of it but never used', 'XML': 'Expert'}","['No, I do not have any cognitive-related conditions.']","['No, I do not have any related conditions.']",2.0,Very familiar,json5,2.0,0.17
67ab57e88fd0774428bd1f32,No,No,Bachelor's,"{'JSON': 'Used it a few times', 'JSONC': 'Heard of it but never used', 'JSON5': 'Used it a few times', 'HJSON': 'Not familiar at all', 'YAML': 'Not familiar at all', 'TOML': 'Not familiar at all', 'XML': 'Heard of it but never used'}","['Dyslexia (e.g., difficulty reading or distinguishing symbols, such as ""b"" and ""d"").']","['No, I do not have any related conditions.']",22.0,Somewhat familiar,xml,22.0,1.83
667983594f7d5d70a78c6e5a,I was very frustrating and difficulty.,,Master's,"{'JSON': 'Expert', 'JSONC': 'Comfortable using it', 'JSON5': 'Not familiar at all', 'HJSON': 'Not familiar at all', 'YAML': 'Used it a few times', 'TOML': 'Heard of it but never used', 'XML': 'Not familiar at all'}","['No, I do not have any cognitive-related conditions.']","['No, I do not have any related conditions.']",36.0,Very familiar,json,36.0,3.0
67f913a9b5c79e960807c7e3,None,None,Student,"{'JSON': 'Used it a few times', 'JSONC': 'Not familiar at all', 'JSON5': 'Not familiar at all', 'HJSON': 'Not familiar at all', 'YAML': 'Used it a few times', 'TOML': 'Not familiar at all', 'XML': 'Comfortable using it'}","['No, I do not have any cognitive-related conditions.']","['No, I do not have any related conditions.']",48.0,Somewhat familiar,yaml,48.0,4.0
672003022f1b667a20157c45,"I have never had any type of experience with this sort of programming language, but I found it entertaining and pretty easy.","Yeah, if you guys have similar studies, or even like opened positions (remote), for this type of work, let me know :)",Bachelor's,"{'JSON': 'Used it a few times', 'JSONC': 'Not familiar at all', 'JSON5': 'Not familiar at all', 'HJSON': 'Not familiar at all', 'YAML': 'Heard of it but never used', 'TOML': 'Not familiar at all', 'XML': 'Heard of it but never used'}","['No, I do not have any cognitive-related conditions.']","['No, I do not have any related conditions.']",3.0,Somewhat familiar,yaml,3.0,0.25
671b65fe04c301eb14263ba5,"No, I do not have any further explanation. ","It was an educational experience, and the interface was beginner-friendly.",Bachelor's,"{'JSON': 'Used it a few times', 'JSONC': 'Used it a few times', 'JSON5': 'Heard of it but never used', 'HJSON': 'Not familiar at all', 'YAML': 'Not familiar at all', 'TOML': 'Used it a few times', 'XML': 'Used it a few times'}","['No, I do not have any cognitive-related conditions.']","['No, I do not have any related conditions.']",6.0,Very familiar,toml,6.0,0.5
6787d648d7b1963c661f9443,None,None,Bachelor's,"{'JSON': 'Heard of it but never used', 'JSONC': 'Not familiar at all', 'JSON5': 'Heard of it but never used', 'HJSON': 'Not familiar at all', 'YAML': 'Heard of it but never used', 'TOML': 'Not familiar at all', 'XML': 'Heard of it but never used'}","['No, I do not have any cognitive-related conditions.']","['No, I do not have any related conditions.']",23.0,Somewhat familiar,json5,23.0,1.92
66a9285501ac98053902d481,,,Bachelor's,"{'JSON': 'Used it a few times', 'JSONC': 'Heard of it but never used', 'JSON5': 'Comfortable using it', 'HJSON': 'Used it a few times', 'YAML': 'Heard of it but never used', 'TOML': 'Heard of it but never used', 'XML': 'Comfortable using it'}","['No, I do not have any cognitive-related conditions.']","['No, I do not have any related conditions.']",6.0,Somewhat familiar,toml,6.0,0.5
66a662a0a709312db9de01f2,no,no,Master's,"{'JSON': 'Not familiar at all', 'JSONC': 'Not familiar at all', 'JSON5': 'Not familiar at all', 'HJSON': 'Not familiar at all', 'YAML': 'Not familiar at all', 'TOML': 'Not familiar at all', 'XML': 'Not familiar at all'}",['Prefer not to say.'],"['No, I do not have any related conditions.']",2.0,Not familiar at all,jsonc,2.0,0.17
66b246951b9aefec80b7158a,"I mostly use google sheets as a way of doing programming without needing to accualy code, due to dysgraphia I found programs like excel or libre office being way better thanks to its visual interface, and being able to see live whats going on throu commands. Recently I found that google sheets has an option for scripts to be added into the sheet, I used it mostly by asking chatgpt to write code for that but I still learned at least how the code looks and what to expect. This study was a great learning experience and i will try to remember now how to use json. Im unsure about my months of programming since I had around one year of programming in school, but since finnishing it I mostly did stuff throu excel and similiar programs, so I didnt counted that (even if I managed to create entire elo system, was pretty laggy but it worked), with that it would be between 3 to 4 years",one of the tasks felt very tideous until i realised i can select alot of the rows and press tab to move them all at once,High School,"{'JSON': 'Used it a few times', 'JSONC': 'Not familiar at all', 'JSON5': 'Not familiar at all', 'HJSON': 'Not familiar at all', 'YAML': 'Heard of it but never used', 'TOML': 'Not familiar at all', 'XML': 'Comfortable using it'}","['Dysgraphia (e.g., difficulty with handwriting or written expression).']","['No, I do not have any related conditions.']",12.0,Not familiar at all,json,12.0,1.0
5d766978f47e6200019a2acf,,,Bachelor's,"{'JSON': 'Heard of it but never used', 'JSONC': 'Not familiar at all', 'JSON5': 'Not familiar at all', 'HJSON': 'Not familiar at all', 'YAML': 'Not familiar at all', 'TOML': 'Not familiar at all', 'XML': 'Heard of it but never used'}","['No, I do not have any cognitive-related conditions.']","['No, I do not have any related conditions.']",0.0,Not familiar at all,yaml,0.0,0.0
677d32c679491be18090225b,,nope,Master's,"{'JSON': 'Heard of it but never used', 'JSONC': 'Heard of it but never used', 'JSON5': 'Heard of it but never used', 'HJSON': 'Used it a few times', 'YAML': 'Used it a few times', 'TOML': 'Not familiar at all', 'XML': 'Used it a few times'}","['No, I do not have any cognitive-related conditions.']","['No, I do not have any related conditions.']",11.0,Somewhat familiar,xml,11.0,0.92
67d163e7b7bcc1e9718e01da,no,I just been timed out after this rigorous study.,Bachelor's,"{'JSON': 'Comfortable using it', 'JSONC': 'Comfortable using it', 'JSON5': 'Used it a few times', 'HJSON': 'Heard of it but never used', 'YAML': 'Heard of it but never used', 'TOML': 'Heard of it but never used', 'XML': 'Comfortable using it'}","['No, I do not have any cognitive-related conditions.']","['No, I do not have any related conditions.']",24.0,Somewhat familiar,json5,24.0,2.0
665c5d94303fdf202ac9ded0,no,no,Bachelor's,"{'JSON': 'Expert', 'JSONC': 'Not familiar at all', 'JSON5': 'Not familiar at all', 'HJSON': 'Not familiar at all', 'YAML': 'Not familiar at all', 'TOML': 'Heard of it but never used', 'XML': 'Expert'}","['No, I do not have any cognitive-related conditions.']","['No, I do not have any related conditions.']",60.0,Very familiar,toml,60.0,5.0
67ab650c320eccf6141d4010,,,Master's,"{'JSON': 'Expert', 'JSONC': 'Used it a few times', 'JSON5': 'Comfortable using it', 'HJSON': 'Comfortable using it', 'YAML': 'Comfortable using it', 'TOML': 'Comfortable using it', 'XML': 'Comfortable using it'}","['Dyslexia (e.g., difficulty reading or distinguishing symbols, such as ""b"" and ""d"").']","['Color vision deficiency (CVD) (e.g., difficulty distinguishing colors like red and green).']",10.0,Somewhat familiar,jsonc,10.0,0.83
65fad673a546ab14baf2f8d3,,no,Master's,"{'JSON': 'Heard of it but never used', 'JSONC': 'Heard of it but never used', 'JSON5': 'Heard of it but never used', 'HJSON': 'Heard of it but never used', 'YAML': 'Not familiar at all', 'TOML': 'Not familiar at all', 'XML': 'Not familiar at all'}","['No, I do not have any cognitive-related conditions.']","['No, I do not have any related conditions.']",24.0,Not familiar at all,json5,24.0,2.0
67f1c7bd6f1c4a3d8deae02f,No,No,Master's,"{'JSON': 'Expert', 'JSONC': 'Comfortable using it', 'JSON5': 'Comfortable using it', 'HJSON': 'Used it a few times', 'YAML': 'Comfortable using it', 'TOML': 'Comfortable using it', 'XML': 'Comfortable using it'}","['No, I do not have any cognitive-related conditions.']","['No, I do not have any related conditions.']",48.0,Very familiar,toml,48.0,4.0
67adb27bd5f5776fcb16da62,No,I found this difficult and I tried my best to completed it.,Bachelor's,"{'JSON': 'Used it a few times', 'JSONC': 'Heard of it but never used', 'JSON5': 'Not familiar at all', 'HJSON': 'Used it a few times', 'YAML': 'Not familiar at all', 'TOML': 'Used it a few times', 'XML': 'Comfortable using it'}","['No, I do not have any cognitive-related conditions.']","['No, I do not have any related conditions.']",6.0,Somewhat familiar,hjson,6.0,0.5
6675c40cdc52b37294f0514e,,,Bachelor's,"{'JSON': 'Heard of it but never used', 'JSONC': 'Comfortable using it', 'JSON5': 'Used it a few times', 'HJSON': 'Heard of it but never used', 'YAML': 'Not familiar at all', 'TOML': 'Expert', 'XML': 'Not familiar at all'}","['No, I do not have any cognitive-related conditions.']","['No, I do not have any related conditions.']",3.0,Somewhat familiar,hjson,3.0,0.25
