participantId,format,quiz_key,correct_answer,user_final_answer,correct,num_wrong_attempts,all_wrong_attempts_list,all_wrong_attempts_frequency,wrong_choice_distribution,wrong_choice_count
64457bc906c125cebd4bf66b,json5,tutorial-json5-part1,['D'],['D'],1,3,"[['B', 'C', 'D'], ['B'], ['B', 'D']]","{'B': 3, 'C': 1, 'D': 2}","{'B': 3, 'C': 1}",4
64457bc906c125cebd4bf66b,json5,tutorial-json5-part2,"['A', 'B', 'C', 'D']","['C', 'B']",0,5,"[['B'], ['D'], ['C'], ['C', 'A'], ['C', 'B']]","{'B': 2, 'D': 1, 'C': 3, 'A': 1}",{},0
6697c8b6d9d7baa7edd8c4d3,hjson,tutorial-hjson-part1,"['A', 'C']","['A', 'C']",1,3,"[['B'], ['A', 'C', 'D'], ['A', 'D']]","{'B': 1, 'A': 2, 'C': 1, 'D': 2}","{'B': 1, 'D': 2}",3
6697c8b6d9d7baa7edd8c4d3,hjson,tutorial-hjson-part2,"['A', 'B', 'C', 'D']","['B', 'D', 'C', 'A']",1,1,"[['B', 'D']]","{'B': 1, 'D': 1}",{},0
67e25388d573ec2d5f1c8442,yaml,tutorial-yaml-part1,"['B', 'C', 'D']","['C', 'D', 'B']",1,0,[],{},{},0
67e25388d573ec2d5f1c8442,yaml,tutorial-yaml-part2,"['B', 'C', 'D']","['C', 'B', 'D']",1,4,"[['A', 'B', 'D'], ['A', 'B', 'C'], ['A', 'C', 'D'], ['A', 'C']]","{'A': 4, 'B': 2, 'D': 2, 'C': 3}",{'A': 4},4
67e5cf90b79d0874e1cf16b0,toml,tutorial-toml-part1,"['B', 'D']","['D', 'B']",1,1,"[['A', 'D']]","{'A': 1, 'D': 1}",{'A': 1},1
67e5cf90b79d0874e1cf16b0,toml,tutorial-toml-part2,"['A', 'B', 'D']","['A', 'B', 'D']",1,0,[],{},{},0
67d00f24466a67ba7e41228e,toml,tutorial-toml-part1,"['B', 'D']","['C', 'B']",0,5,"[['B'], ['C', 'D', 'B', 'A'], ['C', 'D', 'B'], ['C', 'D', 'B'], ['C', 'B']]","{'B': 5, 'C': 4, 'D': 3, 'A': 1}","{'C': 4, 'A': 1}",5
67d00f24466a67ba7e41228e,toml,tutorial-toml-part2,"['A', 'B', 'D']","['D', 'A', 'B']",1,3,"[['D', 'A'], ['D', 'A', 'C'], ['D', 'A', 'C']]","{'D': 3, 'A': 3, 'C': 2}",{'C': 2},2
66475d6f7b27e4443ef0d031,json,tutorial-json-part1,['B'],['B'],1,2,"[['A'], ['A', 'B']]","{'A': 2, 'B': 1}",{'A': 2},2
66475d6f7b27e4443ef0d031,json,tutorial-json-part2,['D'],['D'],1,3,"[['A', 'C', 'D'], ['A', 'D'], ['A']]","{'A': 3, 'C': 1, 'D': 2}","{'A': 3, 'C': 1}",4
6672d878f68b9e349b56e871,toml,tutorial-toml-part1,"['B', 'D']","['B', 'D']",1,5,"[['C', 'B'], ['B'], ['B'], ['B'], ['B']]","{'C': 1, 'B': 5}",{'C': 1},1
6672d878f68b9e349b56e871,toml,tutorial-toml-part2,"['A', 'B', 'D']","['B', 'A', 'D']",1,0,[],{},{},0
67f5bb69760b211cdfe8021c,jsonc,tutorial-jsonc-part1,['B'],['B'],1,0,[],{},{},0
67f5bb69760b211cdfe8021c,jsonc,tutorial-jsonc-part2,"['A', 'B', 'C', 'D']","['A', 'B']",0,5,"[['A'], ['B'], ['C'], ['D'], ['A', 'B']]","{'A': 2, 'B': 2, 'C': 1, 'D': 1}",{},0
67e571bef6af7ecd9c29ad72,json,tutorial-json-part1,['B'],['B'],1,4,"[['D', 'C', 'B', 'A'], ['A'], ['A', 'B', 'D'], ['D']]","{'D': 3, 'C': 1, 'B': 2, 'A': 3}","{'D': 3, 'C': 1, 'A': 3}",7
67e571bef6af7ecd9c29ad72,json,tutorial-json-part2,['D'],['D'],1,3,"[['B'], ['A'], ['C']]","{'B': 1, 'A': 1, 'C': 1}","{'B': 1, 'A': 1, 'C': 1}",3
60f1f1d4ac991a259b83f603,json,tutorial-json-part1,['B'],['B'],1,5,"[['C'], ['C', 'D'], ['C', 'D', 'B'], ['C', 'D', 'B', 'A'], ['A']]","{'C': 4, 'D': 3, 'B': 2, 'A': 2}","{'C': 4, 'D': 3, 'A': 2}",9
60f1f1d4ac991a259b83f603,json,tutorial-json-part2,['D'],['D'],1,4,"[['A'], ['B'], ['C'], ['C']]","{'A': 1, 'B': 1, 'C': 2}","{'A': 1, 'B': 1, 'C': 2}",4
678f0bb28ec3307e4f1afb78,hjson,tutorial-hjson-part1,"['A', 'C']","['C', 'A']",1,2,"[['B'], ['C', 'D']]","{'B': 1, 'C': 1, 'D': 1}","{'B': 1, 'D': 1}",2
678f0bb28ec3307e4f1afb78,hjson,tutorial-hjson-part2,"['A', 'B', 'C', 'D']","['A', 'B', 'D', 'C']",1,1,"[['A', 'B', 'D']]","{'A': 1, 'B': 1, 'D': 1}",{},0
669b961e1c9cf30a26bb57d2,xml,tutorial-xml-part1,"['A', 'B']","['A', 'B']",1,0,[],{},{},0
669b961e1c9cf30a26bb57d2,xml,tutorial-xml-part2,"['B', 'D']","['D', 'B']",1,2,"[['A', 'C', 'D'], ['A', 'C']]","{'A': 2, 'C': 2, 'D': 1}","{'A': 2, 'C': 2}",4
673c13c9d37c8a73bc80b8ce,json,tutorial-json-part1,['B'],['B'],1,2,"[['A', 'B', 'D'], ['B', 'C']]","{'A': 1, 'B': 2, 'D': 1, 'C': 1}","{'A': 1, 'D': 1, 'C': 1}",3
673c13c9d37c8a73bc80b8ce,json,tutorial-json-part2,['D'],['D'],1,1,"[['A', 'B']]","{'A': 1, 'B': 1}","{'A': 1, 'B': 1}",2
66992f58a7964f557fc75f58,toml,tutorial-toml-part1,"['B', 'D']","['C', 'D']",0,5,"[['B', 'A', 'C', 'D'], ['C', 'B'], ['C', 'D'], ['C', 'A'], ['C', 'D']]","{'B': 2, 'A': 2, 'C': 5, 'D': 3}","{'A': 2, 'C': 5}",7
66992f58a7964f557fc75f58,toml,tutorial-toml-part2,"['A', 'B', 'D']","['A', 'B', 'D']",1,2,"[['A', 'B'], ['A', 'B', 'C']]","{'A': 2, 'B': 2, 'C': 1}",{'C': 1},1
60721c2da01b3a616edba9a7,xml,tutorial-xml-part1,"['A', 'B']","['A', 'B']",1,0,[],{},{},0
60721c2da01b3a616edba9a7,xml,tutorial-xml-part2,"['B', 'D']","['B', 'D']",1,3,"[['A', 'D', 'B'], ['A', 'D'], ['A', 'B']]","{'A': 3, 'D': 2, 'B': 2}",{'A': 3},3
673e43cc760355e9e4f042a3,json5,tutorial-json5-part1,['D'],['D'],1,5,"[['D', 'B'], ['D', 'B'], ['B', 'C'], ['B'], ['B']]","{'D': 2, 'B': 5, 'C': 1}","{'B': 5, 'C': 1}",6
673e43cc760355e9e4f042a3,json5,tutorial-json5-part2,"['A', 'B', 'C', 'D']","['D', 'A', 'B', 'C']",1,5,"[['A', 'D'], ['A'], ['D'], ['D'], ['D']]","{'A': 2, 'D': 4}",{},0
60a0b744298c64d46b63e893,hjson,tutorial-hjson-part1,"['A', 'C']","['A', 'C']",1,3,"[['D', 'B'], ['D', 'A', 'C'], ['D', 'A']]","{'D': 3, 'B': 1, 'A': 2, 'C': 1}","{'D': 3, 'B': 1}",4
60a0b744298c64d46b63e893,hjson,tutorial-hjson-part2,"['A', 'B', 'C', 'D']","['D', 'A', 'B', 'C']",1,1,"[['D', 'A']]","{'D': 1, 'A': 1}",{},0
67dc19c31078d1581e39e75a,yaml,tutorial-yaml-part1,"['B', 'C', 'D']","['D', 'C', 'B']",1,2,"[['D'], ['D', 'A', 'C']]","{'D': 2, 'A': 1, 'C': 1}",{'A': 1},1
67dc19c31078d1581e39e75a,yaml,tutorial-yaml-part2,"['B', 'C', 'D']","['D', 'C', 'B']",1,4,"[['A', 'B', 'D'], ['A', 'B', 'C'], ['A', 'D', 'C'], ['A', 'D', 'C', 'B']]","{'A': 4, 'B': 3, 'D': 3, 'C': 3}",{'A': 4},4
678bad003d15e6aba1ee5a5d,jsonc,tutorial-jsonc-part1,['B'],['B'],1,3,"[['B', 'C', 'D'], ['B', 'A'], ['B', 'A']]","{'B': 3, 'C': 1, 'D': 1, 'A': 2}","{'C': 1, 'D': 1, 'A': 2}",4
678bad003d15e6aba1ee5a5d,jsonc,tutorial-jsonc-part2,"['A', 'B', 'C', 'D']","['B', 'C', 'D', 'A']",1,1,[['A']],{'A': 1},{},0
66cdfebcb908ea2717d06b6c,hjson,tutorial-hjson-part1,"['A', 'C']","['A', 'C']",1,1,[['B']],{'B': 1},{'B': 1},1
66cdfebcb908ea2717d06b6c,hjson,tutorial-hjson-part2,"['A', 'B', 'C', 'D']","['A', 'D', 'B', 'C']",1,1,"[['A', 'D']]","{'A': 1, 'D': 1}",{},0
67f0c5d37f91ceae5cb3b318,jsonc,tutorial-jsonc-part1,['B'],['B'],1,3,"[['A', 'B', 'C', 'D'], ['C'], ['A']]","{'A': 2, 'B': 1, 'C': 2, 'D': 1}","{'A': 2, 'C': 2, 'D': 1}",5
67f0c5d37f91ceae5cb3b318,jsonc,tutorial-jsonc-part2,"['A', 'B', 'C', 'D']","['D', 'A']",0,5,"[['B'], ['A'], ['A'], ['C'], ['D']]","{'B': 1, 'A': 2, 'C': 1, 'D': 1}",{},0
56cb8858edf8da000b6df354,hjson,tutorial-hjson-part1,"['A', 'C']","['C', 'A']",1,0,[],{},{},0
56cb8858edf8da000b6df354,hjson,tutorial-hjson-part2,"['A', 'B', 'C', 'D']","['D', 'C', 'A', 'B']",1,0,[],{},{},0
67aee0dfad3492b61a9ba0eb,jsonc,tutorial-jsonc-part1,['B'],['B'],1,2,"[['B', 'D', 'A'], ['D']]","{'B': 1, 'D': 2, 'A': 1}","{'D': 2, 'A': 1}",3
67aee0dfad3492b61a9ba0eb,jsonc,tutorial-jsonc-part2,"['A', 'B', 'C', 'D']","['A', 'C', 'B', 'D']",1,1,"[['A', 'C']]","{'A': 1, 'C': 1}",{},0
667971a555af1f83d3f29ae7,hjson,tutorial-hjson-part1,"['A', 'C']","['A', 'C']",1,0,[],{},{},0
667971a555af1f83d3f29ae7,hjson,tutorial-hjson-part2,"['A', 'B', 'C', 'D']","['A', 'B', 'C', 'D']",1,0,[],{},{},0
5c6414540821d30001046198,hjson,tutorial-hjson-part1,"['A', 'C']","['C', 'A']",1,1,[['C']],{'C': 1},{},0
5c6414540821d30001046198,hjson,tutorial-hjson-part2,"['A', 'B', 'C', 'D']","['A', 'D', 'C', 'B']",1,1,"[['A', 'D']]","{'A': 1, 'D': 1}",{},0
6788c1c724c24dc56b08790a,json5,tutorial-json5-part1,['D'],['D'],1,3,"[['A'], ['A', 'B', 'C', 'D'], ['C']]","{'A': 2, 'B': 1, 'C': 2, 'D': 1}","{'A': 2, 'B': 1, 'C': 2}",5
6788c1c724c24dc56b08790a,json5,tutorial-json5-part2,"['A', 'B', 'C', 'D']","['D', 'C', 'B', 'A']",1,2,"[['A'], ['C']]","{'A': 1, 'C': 1}",{},0
67adb520391eb17f214a50b4,yaml,tutorial-yaml-part1,"['B', 'C', 'D']","['B', 'C', 'D']",1,0,[],{},{},0
67adb520391eb17f214a50b4,yaml,tutorial-yaml-part2,"['B', 'C', 'D']","['C', 'D', 'B']",1,1,"[['C', 'D']]","{'C': 1, 'D': 1}",{},0
67d95269b47464c18da766ca,xml,tutorial-xml-part1,"['A', 'B']","['D', 'A', 'B']",0,5,"[['A', 'B', 'D'], ['A', 'D'], ['D', 'B'], ['D', 'A'], ['D', 'A', 'B']]","{'A': 4, 'B': 3, 'D': 5}",{'D': 5},5
67d95269b47464c18da766ca,xml,tutorial-xml-part2,"['B', 'D']","['D', 'B']",1,4,"[['C', 'D'], ['D', 'A'], ['D', 'A'], ['D', 'A', 'C']]","{'C': 2, 'D': 4, 'A': 3}","{'C': 2, 'A': 3}",5
64275e53f51a5ed4f6b7d019,toml,tutorial-toml-part1,"['B', 'D']","['D', 'B']",1,1,"[['C', 'B', 'D']]","{'C': 1, 'B': 1, 'D': 1}",{'C': 1},1
64275e53f51a5ed4f6b7d019,toml,tutorial-toml-part2,"['A', 'B', 'D']","['A', 'B', 'D']",1,0,[],{},{},0
6734346ca8e90c2da6fb4509,jsonc,tutorial-jsonc-part1,['B'],['B'],1,3,"[['A', 'B', 'C', 'D'], ['A', 'B', 'C'], ['A', 'B']]","{'A': 3, 'B': 3, 'C': 2, 'D': 1}","{'A': 3, 'C': 2, 'D': 1}",6
6734346ca8e90c2da6fb4509,jsonc,tutorial-jsonc-part2,"['A', 'B', 'C', 'D']","['A', 'C', 'D', 'B']",1,1,"[['A', 'C']]","{'A': 1, 'C': 1}",{},0
66049694dfb8828a8f3dce70,yaml,tutorial-yaml-part1,"['B', 'C', 'D']","['B', 'C', 'D']",1,1,"[['B', 'C', 'D', 'A']]","{'B': 1, 'C': 1, 'D': 1, 'A': 1}",{'A': 1},1
66049694dfb8828a8f3dce70,yaml,tutorial-yaml-part2,"['B', 'C', 'D']","['B', 'C', 'D']",1,0,[],{},{},0
67ab214c2cde1be7c45535ac,jsonc,tutorial-jsonc-part1,['B'],['B'],1,0,[],{},{},0
67ab214c2cde1be7c45535ac,jsonc,tutorial-jsonc-part2,"['A', 'B', 'C', 'D']","['A', 'C', 'B', 'D']",1,1,"[['A', 'C']]","{'A': 1, 'C': 1}",{},0
607728dc0b4f8590b94ae57c,jsonc,tutorial-jsonc-part1,['B'],['B'],1,2,"[['A', 'B', 'D'], ['A', 'B']]","{'A': 2, 'B': 2, 'D': 1}","{'A': 2, 'D': 1}",3
607728dc0b4f8590b94ae57c,jsonc,tutorial-jsonc-part2,"['A', 'B', 'C', 'D']","['D', 'A', 'C', 'B']",1,2,"[['D', 'A'], ['D', 'A', 'C']]","{'D': 2, 'A': 2, 'C': 1}",{},0
667c18ace97ab6869cb1c50e,hjson,tutorial-hjson-part1,"['A', 'C']","['A', 'C']",1,2,"[['A', 'C', 'D'], ['A', 'C', 'D']]","{'A': 2, 'C': 2, 'D': 2}",{'D': 2},2
667c18ace97ab6869cb1c50e,hjson,tutorial-hjson-part2,"['A', 'B', 'C', 'D']","['D', 'C', 'B', 'A']",1,0,[],{},{},0
667ac09492ea0caadf488520,json,tutorial-json-part1,['B'],"['C', 'A']",0,5,"[['D', 'C', 'A', 'B'], ['D', 'C'], ['A'], ['A'], ['C', 'A']]","{'D': 2, 'C': 3, 'A': 4, 'B': 1}","{'D': 2, 'C': 3, 'A': 4}",9
667ac09492ea0caadf488520,json,tutorial-json-part2,['D'],"['D', 'A']",0,5,"[['A', 'B', 'D'], ['B', 'D'], ['B', 'A'], ['B', 'C'], ['D', 'A']]","{'A': 3, 'B': 4, 'D': 3, 'C': 1}","{'A': 3, 'B': 4, 'C': 1}",8
6740ae39809389d7da9de209,xml,tutorial-xml-part1,"['A', 'B']","['A', 'B']",1,1,"[['A', 'B', 'D']]","{'A': 1, 'B': 1, 'D': 1}",{'D': 1},1
6740ae39809389d7da9de209,xml,tutorial-xml-part2,"['B', 'D']","['A', 'D']",0,5,"[['B', 'A', 'D'], ['A', 'D'], ['A', 'B'], ['A', 'B'], ['A', 'D']]","{'B': 3, 'A': 5, 'D': 3}",{'A': 5},5
67c246023b44ca64d40ae45a,json5,tutorial-json5-part1,['D'],['D'],1,4,"[['A', 'B', 'C', 'D'], ['A'], ['A'], ['B']]","{'A': 3, 'B': 2, 'C': 1, 'D': 1}","{'A': 3, 'B': 2, 'C': 1}",6
67c246023b44ca64d40ae45a,json5,tutorial-json5-part2,"['A', 'B', 'C', 'D']",['B'],0,5,"[['C'], ['A'], ['D'], ['D'], ['B']]","{'C': 1, 'A': 1, 'D': 2, 'B': 1}",{},0
67debe02a893eea51e8d02f2,json,tutorial-json-part1,['B'],['B'],1,4,"[['A', 'C'], ['B', 'D'], ['B', 'D'], ['D']]","{'A': 1, 'C': 1, 'B': 2, 'D': 3}","{'A': 1, 'C': 1, 'D': 3}",5
67debe02a893eea51e8d02f2,json,tutorial-json-part2,['D'],['D'],1,1,"[['D', 'C']]","{'D': 1, 'C': 1}",{'C': 1},1
673d0377254c407e5da57f97,toml,tutorial-toml-part1,"['B', 'D']","['D', 'B']",1,0,[],{},{},0
673d0377254c407e5da57f97,toml,tutorial-toml-part2,"['A', 'B', 'D']","['A', 'B', 'D']",1,0,[],{},{},0
62fd14d7b1e0729dc8aadb79,xml,tutorial-xml-part1,"['A', 'B']","['A', 'B']",1,1,"[['A', 'B', 'D']]","{'A': 1, 'B': 1, 'D': 1}",{'D': 1},1
62fd14d7b1e0729dc8aadb79,xml,tutorial-xml-part2,"['B', 'D']","['B', 'D']",1,0,[],{},{},0
5dafea4de40355001651fa2f,jsonc,tutorial-jsonc-part1,['B'],['B'],1,3,"[['A', 'D'], ['D'], ['A']]","{'A': 2, 'D': 2}","{'A': 2, 'D': 2}",4
5dafea4de40355001651fa2f,jsonc,tutorial-jsonc-part2,"['A', 'B', 'C', 'D']",['B'],0,5,"[['A'], ['D'], ['D'], ['C'], ['B']]","{'A': 1, 'D': 2, 'C': 1, 'B': 1}",{},0
6787e4bd2bf9557a90208f03,yaml,tutorial-yaml-part1,"['B', 'C', 'D']","['A', 'C']",0,5,"[['A', 'C', 'B', 'D'], ['A', 'C', 'B', 'D'], ['A', 'C', 'B', 'D'], ['A', 'C', 'D'], ['A', 'C']]","{'A': 5, 'C': 5, 'B': 3, 'D': 4}",{'A': 5},5
6787e4bd2bf9557a90208f03,yaml,tutorial-yaml-part2,"['B', 'C', 'D']","['B', 'C', 'D']",1,0,[],{},{},0
5e8a5a892f6f027054a83d88,toml,tutorial-toml-part1,"['B', 'D']","['D', 'B']",1,2,"[['C', 'B', 'D'], ['C', 'D']]","{'C': 2, 'B': 1, 'D': 2}",{'C': 2},2
5e8a5a892f6f027054a83d88,toml,tutorial-toml-part2,"['A', 'B', 'D']","['B', 'A', 'D']",1,1,"[['B', 'A']]","{'B': 1, 'A': 1}",{},0
67e4920c40c9561040ca01d0,xml,tutorial-xml-part1,"['A', 'B']","['A', 'B']",1,4,"[['A', 'B', 'C'], ['B', 'C'], ['C', 'A'], ['C', 'A']]","{'A': 3, 'B': 2, 'C': 4}",{'C': 4},4
67e4920c40c9561040ca01d0,xml,tutorial-xml-part2,"['B', 'D']","['B', 'D']",1,3,"[['B'], ['B', 'A'], ['B', 'A']]","{'B': 3, 'A': 2}",{'A': 2},2
615200d54efc832849db2259,json,tutorial-json-part1,['B'],['B'],1,4,"[['A', 'B', 'C'], ['A', 'B'], ['A', 'B'], ['A']]","{'A': 4, 'B': 3, 'C': 1}","{'A': 4, 'C': 1}",5
615200d54efc832849db2259,json,tutorial-json-part2,['D'],['D'],1,1,[['A']],{'A': 1},{'A': 1},1
67f184a3b82990251abd1592,yaml,tutorial-yaml-part1,"['B', 'C', 'D']","['D', 'B', 'C']",1,0,[],{},{},0
67f184a3b82990251abd1592,yaml,tutorial-yaml-part2,"['B', 'C', 'D']","['C', 'D', 'B']",1,1,"[['C', 'D']]","{'C': 1, 'D': 1}",{},0
67bf88cc763aae600b429a3e,toml,tutorial-toml-part1,"['B', 'D']","['D', 'A']",0,5,"[['C', 'D'], ['C', 'B'], ['C'], ['D'], ['D', 'A']]","{'C': 3, 'D': 3, 'B': 1, 'A': 1}","{'C': 3, 'A': 1}",4
67bf88cc763aae600b429a3e,toml,tutorial-toml-part2,"['A', 'B', 'D']","['B', 'D', 'A']",1,1,"[['B', 'D', 'C', 'A']]","{'B': 1, 'D': 1, 'C': 1, 'A': 1}",{'C': 1},1
67a754a5c8614c52a939d87b,hjson,tutorial-hjson-part1,"['A', 'C']","['A', 'C']",1,4,"[['C'], ['D'], ['B', 'A'], ['B', 'A']]","{'C': 1, 'D': 1, 'B': 2, 'A': 2}","{'D': 1, 'B': 2}",3
67a754a5c8614c52a939d87b,hjson,tutorial-hjson-part2,"['A', 'B', 'C', 'D']","['A', 'C', 'B', 'D']",1,1,"[['A', 'C']]","{'A': 1, 'C': 1}",{},0
60fce3df91350150e2e88423,yaml,tutorial-yaml-part1,"['B', 'C', 'D']","['B', 'C', 'D']",1,0,[],{},{},0
60fce3df91350150e2e88423,yaml,tutorial-yaml-part2,"['B', 'C', 'D']","['B', 'D', 'C']",1,1,"[['B', 'D']]","{'B': 1, 'D': 1}",{},0
67d29234dbfdb6668d124115,yaml,tutorial-yaml-part1,"['B', 'C', 'D']","['B', 'C', 'D']",1,2,"[['D', 'B', 'A'], ['B', 'A', 'C']]","{'D': 1, 'B': 2, 'A': 2, 'C': 1}",{'A': 2},2
67d29234dbfdb6668d124115,yaml,tutorial-yaml-part2,"['B', 'C', 'D']","['B', 'C', 'D']",1,1,"[['A', 'B']]","{'A': 1, 'B': 1}",{'A': 1},1
65cf6d8a589a67afcab54e6f,hjson,tutorial-hjson-part1,"['A', 'C']","['A', 'C']",1,1,[['A']],{'A': 1},{},0
65cf6d8a589a67afcab54e6f,hjson,tutorial-hjson-part2,"['A', 'B', 'C', 'D']","['A', 'B', 'C', 'D']",1,0,[],{},{},0
672d98919cc177d28c204e76,json5,tutorial-json5-part1,"['C', 'D']","['D', 'C']",1,3,"[['A'], ['B', 'C'], ['B', 'D']]","{'A': 1, 'B': 2, 'C': 1, 'D': 1}","{'A': 1, 'B': 2}",3
672d98919cc177d28c204e76,json5,tutorial-json5-part2,"['A', 'B', 'C', 'D']","['B', 'D', 'C', 'A']",1,1,"[['B', 'D']]","{'B': 1, 'D': 1}",{},0
66b0d065329001a04e5ae671,json,tutorial-json-part1,['B'],['B'],1,2,"[['C', 'B', 'A'], ['A', 'B']]","{'C': 1, 'B': 2, 'A': 2}","{'C': 1, 'A': 2}",3
66b0d065329001a04e5ae671,json,tutorial-json-part2,['D'],['D'],1,0,[],{},{},0
67f1a4f8dd44e7cd5adffa29,json5,tutorial-json5-part1,['D'],['D'],1,3,"[['A', 'C', 'D'], ['A'], ['A', 'C']]","{'A': 3, 'C': 2, 'D': 1}","{'A': 3, 'C': 2}",5
67f1a4f8dd44e7cd5adffa29,json5,tutorial-json5-part2,"['A', 'B', 'C', 'D']","['A', 'B', 'C', 'D']",1,0,[],{},{},0
5e3b5fa9255e7a37bc841135,json,tutorial-json-part1,['B'],['B'],1,0,[],{},{},0
5e3b5fa9255e7a37bc841135,json,tutorial-json-part2,['D'],['D'],1,1,[['A']],{'A': 1},{'A': 1},1
677c52fe648cd68583dd3b1e,xml,tutorial-xml-part1,"['A', 'B']","['A', 'C', 'B']",0,5,"[['A'], ['C'], ['B'], ['D'], ['A', 'C', 'B']]","{'A': 2, 'C': 2, 'B': 2, 'D': 1}","{'C': 2, 'D': 1}",3
677c52fe648cd68583dd3b1e,xml,tutorial-xml-part2,"['B', 'D']","['B', 'D']",1,2,"[['B', 'C'], ['B', 'A']]","{'B': 2, 'C': 1, 'A': 1}","{'C': 1, 'A': 1}",2
5d30dfa68b1523000134878f,json,tutorial-json-part1,['B'],['B'],1,3,"[['A', 'B', 'C', 'D'], ['A', 'B', 'D'], ['A', 'B']]","{'A': 3, 'B': 3, 'C': 1, 'D': 2}","{'A': 3, 'C': 1, 'D': 2}",6
5d30dfa68b1523000134878f,json,tutorial-json-part2,['D'],['D'],1,0,[],{},{},0
671a519900a99ebc15a67672,yaml,tutorial-yaml-part1,"['B', 'C', 'D']","['C', 'D', 'B']",1,0,[],{},{},0
671a519900a99ebc15a67672,yaml,tutorial-yaml-part2,"['B', 'C', 'D']","['B', 'D', 'C']",1,2,"[['B', 'C'], ['B', 'D']]","{'B': 2, 'C': 1, 'D': 1}",{},0
672ca6c0324ac26cdc0dd298,json5,tutorial-json5-part1,['D'],['D'],1,3,"[['C', 'A', 'D'], ['C', 'A'], ['D', 'B']]","{'C': 2, 'A': 2, 'D': 2, 'B': 1}","{'C': 2, 'A': 2, 'B': 1}",5
672ca6c0324ac26cdc0dd298,json5,tutorial-json5-part2,"['A', 'B', 'C', 'D']","['C', 'B', 'D', 'A']",1,2,"[['C'], ['C', 'B']]","{'C': 2, 'B': 1}",{},0
67d7fa657f5ac0292a291a38,hjson,tutorial-hjson-part1,"['A', 'C']","['C', 'A']",1,1,"[['C', 'D']]","{'C': 1, 'D': 1}",{'D': 1},1
67d7fa657f5ac0292a291a38,hjson,tutorial-hjson-part2,"['A', 'B', 'C', 'D']","['A', 'B', 'C', 'D']",1,3,"[['A', 'D'], ['C', 'B'], ['C', 'B']]","{'A': 1, 'D': 1, 'C': 2, 'B': 2}",{},0
677d185800ab83d1b0185d82,jsonc,tutorial-jsonc-part1,['B'],['B'],1,2,"[['C'], ['C', 'B', 'A', 'D']]","{'C': 2, 'B': 1, 'A': 1, 'D': 1}","{'C': 2, 'A': 1, 'D': 1}",4
677d185800ab83d1b0185d82,jsonc,tutorial-jsonc-part2,"['A', 'B', 'C', 'D']","['A', 'B', 'C', 'D']",1,1,[['A']],{'A': 1},{},0
5b68c9eb87af310001584803,json5,tutorial-json5-part1,['D'],['D'],1,2,"[['A', 'D'], ['A']]","{'A': 2, 'D': 1}",{'A': 2},2
5b68c9eb87af310001584803,json5,tutorial-json5-part2,"['A', 'B', 'C', 'D']","['B', 'C', 'D', 'A']",1,1,[['D']],{'D': 1},{},0
6784ff2095dd9b97e969b01f,jsonc,tutorial-jsonc-part1,['B'],['D'],0,5,"[['A'], ['A', 'B'], ['A', 'D'], ['A', 'D', 'B'], ['D']]","{'A': 4, 'B': 2, 'D': 3}","{'A': 4, 'D': 3}",7
6784ff2095dd9b97e969b01f,jsonc,tutorial-jsonc-part2,"['A', 'B', 'C', 'D']",['C'],0,5,"[['A', 'C'], ['A'], ['A'], ['A'], ['C']]","{'A': 4, 'C': 2}",{},0
67eff2b1a264260e948a4d14,xml,tutorial-xml-part1,"['A', 'B']","['A', 'B']",1,1,"[['A', 'B', 'D']]","{'A': 1, 'B': 1, 'D': 1}",{'D': 1},1
67eff2b1a264260e948a4d14,xml,tutorial-xml-part2,"['B', 'D']","['B', 'D']",1,2,"[['D', 'A', 'B'], ['D', 'A']]","{'D': 2, 'A': 2, 'B': 1}",{'A': 2},2
5ecc71c95c92c2000a9e9a19,jsonc,tutorial-jsonc-part1,['B'],['B'],1,1,"[['A', 'B']]","{'A': 1, 'B': 1}",{'A': 1},1
5ecc71c95c92c2000a9e9a19,jsonc,tutorial-jsonc-part2,"['A', 'B', 'C', 'D']",['D'],0,5,"[['A', 'B'], ['A'], ['B'], ['C'], ['D']]","{'A': 2, 'B': 2, 'C': 1, 'D': 1}",{},0
61267b828ead584bcf092e35,hjson,tutorial-hjson-part1,"['A', 'C']","['A', 'C']",1,0,[],{},{},0
61267b828ead584bcf092e35,hjson,tutorial-hjson-part2,"['A', 'B', 'C', 'D']","['A', 'D', 'B', 'C']",1,3,"[['B', 'D'], ['A', 'C'], ['A', 'D']]","{'B': 1, 'D': 2, 'A': 2, 'C': 1}",{},0
6501c0a2e788b5556c24569d,xml,tutorial-xml-part1,"['A', 'B']","['A', 'B']",1,0,[],{},{},0
6501c0a2e788b5556c24569d,xml,tutorial-xml-part2,"['B', 'D']","['B', 'D']",1,2,"[['B', 'D', 'C', 'A'], ['B', 'D', 'A']]","{'B': 2, 'D': 2, 'C': 1, 'A': 2}","{'C': 1, 'A': 2}",3
637d8ca00150ac6e71a34ec9,yaml,tutorial-yaml-part1,"['B', 'C', 'D']","['C', 'B', 'D']",1,1,"[['C', 'A', 'B', 'D']]","{'C': 1, 'A': 1, 'B': 1, 'D': 1}",{'A': 1},1
637d8ca00150ac6e71a34ec9,yaml,tutorial-yaml-part2,"['B', 'C', 'D']","['C', 'D', 'B']",1,0,[],{},{},0
67cb01a82dda2577eb6ee320,json,tutorial-json-part1,['B'],['B'],1,2,"[['A', 'B', 'C'], ['B', 'C']]","{'A': 1, 'B': 2, 'C': 2}","{'A': 1, 'C': 2}",3
67cb01a82dda2577eb6ee320,json,tutorial-json-part2,['D'],['D'],1,1,[['B']],{'B': 1},{'B': 1},1
67e17bac09359e09118892b4,json5,tutorial-json5-part1,['D'],['D'],1,4,"[['A'], ['C'], ['C'], ['B']]","{'A': 1, 'C': 2, 'B': 1}","{'A': 1, 'C': 2, 'B': 1}",4
67e17bac09359e09118892b4,json5,tutorial-json5-part2,"['A', 'B', 'C', 'D']","['C', 'B', 'A', 'D']",1,0,[],{},{},0
6606b31155457e4f162ecf5a,json5,tutorial-json5-part1,['D'],['D'],1,4,"[['A', 'B', 'C', 'D'], ['A'], ['B'], ['C']]","{'A': 2, 'B': 2, 'C': 2, 'D': 1}","{'A': 2, 'B': 2, 'C': 2}",6
6606b31155457e4f162ecf5a,json5,tutorial-json5-part2,"['A', 'B', 'C', 'D']","['A', 'B', 'C', 'D']",1,1,[['D']],{'D': 1},{},0
63e5b3e89a3823139cb9d35e,toml,tutorial-toml-part1,"['B', 'D']","['B', 'D']",1,1,"[['B', 'C', 'D']]","{'B': 1, 'C': 1, 'D': 1}",{'C': 1},1
63e5b3e89a3823139cb9d35e,toml,tutorial-toml-part2,"['A', 'B', 'D']","['A', 'B', 'D']",1,0,[],{},{},0
66bb6b7e0ccbed81f3ed30a8,xml,tutorial-xml-part1,"['A', 'B']","['A', 'B']",1,1,"[['A', 'B', 'D']]","{'A': 1, 'B': 1, 'D': 1}",{'D': 1},1
66bb6b7e0ccbed81f3ed30a8,xml,tutorial-xml-part2,"['B', 'D']","['B', 'D']",1,4,"[['A', 'B'], ['A'], ['B'], ['B', 'C']]","{'A': 2, 'B': 3, 'C': 1}","{'A': 2, 'C': 1}",3
6753746b1f8827e2bd586bf0,xml,tutorial-xml-part1,"['A', 'B']","['A', 'B']",1,0,[],{},{},0
6753746b1f8827e2bd586bf0,xml,tutorial-xml-part2,"['B', 'D']","['D', 'B']",1,3,"[['A'], ['B', 'C'], ['C', 'D']]","{'A': 1, 'B': 1, 'C': 2, 'D': 1}","{'A': 1, 'C': 2}",3
67cd944859dabbd1d4552d39,json,tutorial-json-part1,['B'],['C'],0,5,"[['C'], ['A'], ['A'], ['A'], ['C']]","{'C': 2, 'A': 3}","{'C': 2, 'A': 3}",5
67cd944859dabbd1d4552d39,json,tutorial-json-part2,['D'],['D'],1,2,"[['A'], ['A', 'D']]","{'A': 2, 'D': 1}",{'A': 2},2
57c357770e6a1f00015f6038,json,tutorial-json-part1,['B'],['B'],1,1,"[['B', 'C']]","{'B': 1, 'C': 1}",{'C': 1},1
57c357770e6a1f00015f6038,json,tutorial-json-part2,['D'],['D'],1,0,[],{},{},0
67d188bcc201cc08eac23f92,json5,tutorial-json5-part1,['D'],"['B', 'D', 'C']",0,5,"[['A', 'B', 'C', 'D'], ['A', 'B', 'C', 'D'], ['B'], ['A', 'B', 'C'], ['B', 'D', 'C']]","{'A': 3, 'B': 5, 'C': 4, 'D': 3}","{'A': 3, 'B': 5, 'C': 4}",12
67d188bcc201cc08eac23f92,json5,tutorial-json5-part2,"['A', 'B', 'C', 'D']","['D', 'C', 'B', 'A']",1,3,"[['D'], ['D', 'B'], ['D', 'C', 'B']]","{'D': 3, 'B': 2, 'C': 1}",{},0
67f3619e16d4ca195fbd1bd0,yaml,tutorial-yaml-part1,"['B', 'C', 'D']","['B', 'D', 'C']",1,3,"[['A', 'B', 'C', 'D'], ['B'], ['B', 'D']]","{'A': 1, 'B': 3, 'C': 1, 'D': 2}",{'A': 1},1
67f3619e16d4ca195fbd1bd0,yaml,tutorial-yaml-part2,"['B', 'C', 'D']","['B', 'C', 'D']",1,0,[],{},{},0
66781db404eab5e142f849d9,jsonc,tutorial-jsonc-part1,['B'],"['B', 'C']",0,5,"[['C'], ['A', 'C', 'B', 'D'], ['A', 'B', 'D'], ['A', 'B', 'C'], ['B', 'C']]","{'C': 4, 'A': 3, 'B': 4, 'D': 2}","{'C': 4, 'A': 3, 'D': 2}",9
66781db404eab5e142f849d9,jsonc,tutorial-jsonc-part2,"['A', 'B', 'C', 'D']","['B', 'D', 'C', 'A']",1,3,"[['B'], ['B', 'D'], ['B', 'D', 'C']]","{'B': 3, 'D': 2, 'C': 1}",{},0
667c2175b570aa694ce2f63c,toml,tutorial-toml-part1,"['B', 'D']","['D', 'B']",1,4,"[['A', 'C', 'D'], ['C', 'D'], ['C', 'D'], ['D']]","{'A': 1, 'C': 3, 'D': 4}","{'A': 1, 'C': 3}",4
667c2175b570aa694ce2f63c,toml,tutorial-toml-part2,"['A', 'B', 'D']","['A', 'D', 'B']",1,4,"[['A', 'D'], ['A', 'B'], ['A'], ['A', 'D']]","{'A': 4, 'D': 2, 'B': 1}",{},0
67d1283c8f6169900d0072d2,yaml,tutorial-yaml-part1,"['B', 'C', 'D']","['C', 'B', 'D']",1,3,"[['A', 'B', 'C'], ['A', 'B', 'C', 'D'], ['A']]","{'A': 3, 'B': 2, 'C': 2, 'D': 1}",{'A': 3},3
67d1283c8f6169900d0072d2,yaml,tutorial-yaml-part2,"['B', 'C', 'D']","['D', 'C', 'B']",1,5,"[['B', 'A', 'C'], ['B', 'A', 'C', 'D'], ['B', 'A', 'C'], ['B', 'A', 'D'], ['A', 'D', 'C']]","{'B': 4, 'A': 5, 'C': 4, 'D': 3}",{'A': 5},5
5f29eff59714081a3594a331,json,tutorial-json-part1,['B'],['B'],1,2,"[['A', 'B'], ['A']]","{'A': 2, 'B': 1}",{'A': 2},2
5f29eff59714081a3594a331,json,tutorial-json-part2,['D'],['D'],1,0,[],{},{},0
65be552ceed6a0595fa1feb5,json,tutorial-json-part1,['B'],['B'],1,0,[],{},{},0
65be552ceed6a0595fa1feb5,json,tutorial-json-part2,['D'],['D'],1,4,"[['A', 'B', 'C', 'D'], ['C'], ['A'], ['B']]","{'A': 2, 'B': 2, 'C': 2, 'D': 1}","{'A': 2, 'B': 2, 'C': 2}",6
6577a27da9f5297d49f38e6f,hjson,tutorial-hjson-part1,"['A', 'C']","['C', 'A']",1,2,"[['C', 'D'], ['B', 'C']]","{'C': 2, 'D': 1, 'B': 1}","{'D': 1, 'B': 1}",2
6577a27da9f5297d49f38e6f,hjson,tutorial-hjson-part2,"['A', 'B', 'C', 'D']","['D', 'C', 'A', 'B']",1,3,"[['A', 'D'], ['D', 'B'], ['D', 'C']]","{'A': 1, 'D': 3, 'B': 1, 'C': 1}",{},0
67eefd0739d752c54dd52686,toml,tutorial-toml-part1,"['B', 'D']","['B', 'C']",0,5,"[['A', 'B', 'C', 'D'], ['A', 'B', 'C', 'D'], ['A', 'B'], ['A'], ['B', 'C']]","{'A': 4, 'B': 4, 'C': 3, 'D': 2}","{'A': 4, 'C': 3}",7
67eefd0739d752c54dd52686,toml,tutorial-toml-part2,"['A', 'B', 'D']","['C', 'B', 'D']",0,5,"[['C', 'A'], ['C', 'B', 'D'], ['C', 'B', 'D'], ['C', 'B', 'D'], ['C', 'B', 'D']]","{'C': 5, 'A': 1, 'B': 4, 'D': 4}",{'C': 5},5
67e12acb51605ac16c227598,jsonc,tutorial-jsonc-part1,['B'],['B'],1,3,"[['A'], ['C'], ['C', 'D']]","{'A': 1, 'C': 2, 'D': 1}","{'A': 1, 'C': 2, 'D': 1}",4
67e12acb51605ac16c227598,jsonc,tutorial-jsonc-part2,"['A', 'B', 'C', 'D']","['C', 'B', 'A', 'D']",1,5,"[['A'], ['B'], ['D'], ['C'], ['C']]","{'A': 1, 'B': 1, 'D': 1, 'C': 2}",{},0
67d9788747176969d8d0fa1d,hjson,tutorial-hjson-part1,"['A', 'C']","['C', 'A']",1,2,"[['A', 'C', 'D'], ['C', 'D']]","{'A': 1, 'C': 2, 'D': 2}",{'D': 2},2
67d9788747176969d8d0fa1d,hjson,tutorial-hjson-part2,"['A', 'B', 'C', 'D']","['C', 'D', 'B', 'A']",1,1,"[['C', 'D']]","{'C': 1, 'D': 1}",{},0
669a84e18da4349ece0ea67c,xml,tutorial-xml-part1,"['A', 'B']","['A', 'B']",1,1,[['A']],{'A': 1},{},0
669a84e18da4349ece0ea67c,xml,tutorial-xml-part2,"['B', 'D']",['A'],0,5,"[['A', 'D'], ['A', 'C'], ['C', 'B'], ['C', 'D'], ['A']]","{'A': 3, 'D': 2, 'C': 3, 'B': 1}","{'A': 3, 'C': 3}",6
67d548b5aa5737666a77a6d2,json5,tutorial-json5-part1,['D'],['D'],1,3,"[['B', 'A'], ['B'], ['B', 'D']]","{'B': 3, 'A': 1, 'D': 1}","{'B': 3, 'A': 1}",4
67d548b5aa5737666a77a6d2,json5,tutorial-json5-part2,"['A', 'B', 'C', 'D']",['B'],0,5,"[['A'], ['D'], ['C'], ['B'], ['B']]","{'A': 1, 'D': 1, 'C': 1, 'B': 2}",{},0
67ab57e88fd0774428bd1f32,xml,tutorial-xml-part1,"['A', 'B']","['A', 'B']",1,1,[['A']],{'A': 1},{},0
67ab57e88fd0774428bd1f32,xml,tutorial-xml-part2,"['B', 'D']","['B', 'D']",1,2,"[['A', 'B', 'C', 'D'], ['A', 'C']]","{'A': 2, 'B': 1, 'C': 2, 'D': 1}","{'A': 2, 'C': 2}",4
667983594f7d5d70a78c6e5a,json,tutorial-json-part1,['B'],['B'],1,3,"[['A'], ['A', 'B'], ['A']]","{'A': 3, 'B': 1}",{'A': 3},3
667983594f7d5d70a78c6e5a,json,tutorial-json-part2,['D'],['D'],1,3,"[['C'], ['B'], ['B']]","{'C': 1, 'B': 2}","{'C': 1, 'B': 2}",3
67f913a9b5c79e960807c7e3,yaml,tutorial-yaml-part1,"['B', 'C', 'D']","['B', 'C', 'D']",1,1,"[['A', 'B', 'C', 'D']]","{'A': 1, 'B': 1, 'C': 1, 'D': 1}",{'A': 1},1
67f913a9b5c79e960807c7e3,yaml,tutorial-yaml-part2,"['B', 'C', 'D']","['B', 'C', 'D']",1,1,"[['A', 'B', 'C']]","{'A': 1, 'B': 1, 'C': 1}",{'A': 1},1
672003022f1b667a20157c45,yaml,tutorial-yaml-part1,"['B', 'C', 'D']","['A', 'C', 'D', 'B']",0,5,"[['A'], ['A', 'C', 'D'], ['A', 'C', 'B'], ['A', 'C', 'D'], ['A', 'C', 'D', 'B']]","{'A': 5, 'C': 4, 'D': 3, 'B': 2}",{'A': 5},5
672003022f1b667a20157c45,yaml,tutorial-yaml-part2,"['B', 'C', 'D']","['C', 'D', 'B']",1,2,"[['C', 'D'], ['C', 'D', 'A']]","{'C': 2, 'D': 2, 'A': 1}",{'A': 1},1
671b65fe04c301eb14263ba5,toml,tutorial-toml-part1,"['B', 'D']","['D', 'B']",1,5,"[['C', 'D'], ['C', 'B'], ['C'], ['D', 'A'], ['D']]","{'C': 3, 'D': 3, 'B': 1, 'A': 1}","{'C': 3, 'A': 1}",4
671b65fe04c301eb14263ba5,toml,tutorial-toml-part2,"['A', 'B', 'D']","['D', 'A', 'B']",1,2,"[['D'], ['D', 'A']]","{'D': 2, 'A': 1}",{},0
6787d648d7b1963c661f9443,json5,tutorial-json5-part1,['D'],['D'],1,5,"[['B'], ['C'], ['C'], ['C'], ['C', 'D']]","{'B': 1, 'C': 4, 'D': 1}","{'B': 1, 'C': 4}",5
6787d648d7b1963c661f9443,json5,tutorial-json5-part2,"['A', 'B', 'C', 'D']","['A', 'B', 'D', 'C']",1,0,[],{},{},0
66a9285501ac98053902d481,toml,tutorial-toml-part1,"['B', 'D']","['D', 'B']",1,0,[],{},{},0
66a9285501ac98053902d481,toml,tutorial-toml-part2,"['A', 'B', 'D']","['A', 'B', 'D']",1,1,"[['A', 'B']]","{'A': 1, 'B': 1}",{},0
66a662a0a709312db9de01f2,jsonc,tutorial-jsonc-part1,['B'],"['D', 'B']",0,5,"[['A', 'B'], ['A', 'C'], ['A', 'D'], ['A', 'D'], ['D', 'B']]","{'A': 4, 'B': 2, 'C': 1, 'D': 3}","{'A': 4, 'C': 1, 'D': 3}",8
66a662a0a709312db9de01f2,jsonc,tutorial-jsonc-part2,"['A', 'B', 'C', 'D']",['D'],0,5,"[['A', 'B'], ['A', 'C'], ['A', 'C'], ['C'], ['D']]","{'A': 3, 'B': 1, 'C': 3, 'D': 1}",{},0
66b246951b9aefec80b7158a,json,tutorial-json-part1,['B'],['B'],1,2,"[['D', 'A', 'B'], ['D']]","{'D': 2, 'A': 1, 'B': 1}","{'D': 2, 'A': 1}",3
66b246951b9aefec80b7158a,json,tutorial-json-part2,['D'],['D'],1,1,"[['A', 'D']]","{'A': 1, 'D': 1}",{'A': 1},1
5d766978f47e6200019a2acf,yaml,tutorial-yaml-part1,"['B', 'C', 'D']","['D', 'C', 'B']",1,1,"[['D', 'C', 'B', 'A']]","{'D': 1, 'C': 1, 'B': 1, 'A': 1}",{'A': 1},1
5d766978f47e6200019a2acf,yaml,tutorial-yaml-part2,"['B', 'C', 'D']","['B', 'C', 'D']",1,1,[['B']],{'B': 1},{},0
677d32c679491be18090225b,xml,tutorial-xml-part1,"['A', 'B']","['A', 'B']",1,3,"[['A', 'B', 'C', 'D'], ['A', 'B', 'C', 'D'], ['A', 'B', 'C']]","{'A': 3, 'B': 3, 'C': 3, 'D': 2}","{'C': 3, 'D': 2}",5
677d32c679491be18090225b,xml,tutorial-xml-part2,"['B', 'D']","['D', 'B']",1,3,"[['D'], ['D', 'C'], ['D', 'A']]","{'D': 3, 'C': 1, 'A': 1}","{'C': 1, 'A': 1}",2
67d163e7b7bcc1e9718e01da,json5,tutorial-json5-part1,['D'],['D'],1,2,"[['C', 'D'], ['C']]","{'C': 2, 'D': 1}",{'C': 2},2
67d163e7b7bcc1e9718e01da,json5,tutorial-json5-part2,"['A', 'B', 'C', 'D']","['A', 'B', 'C', 'D']",1,0,[],{},{},0
665c5d94303fdf202ac9ded0,toml,tutorial-toml-part1,"['B', 'D']","['D', 'B']",1,2,"[['A', 'B', 'D'], ['A', 'D']]","{'A': 2, 'B': 1, 'D': 2}",{'A': 2},2
665c5d94303fdf202ac9ded0,toml,tutorial-toml-part2,"['A', 'B', 'D']","['B', 'A', 'D']",1,2,"[['B', 'C', 'A'], ['B', 'C', 'A', 'D']]","{'B': 2, 'C': 2, 'A': 2, 'D': 1}",{'C': 2},2
67ab650c320eccf6141d4010,jsonc,tutorial-jsonc-part1,['B'],['B'],1,1,"[['B', 'D']]","{'B': 1, 'D': 1}",{'D': 1},1
67ab650c320eccf6141d4010,jsonc,tutorial-jsonc-part2,"['A', 'B', 'C', 'D']",['A'],0,5,"[['C'], ['B'], ['B'], ['D'], ['A']]","{'C': 1, 'B': 2, 'D': 1, 'A': 1}",{},0
65fad673a546ab14baf2f8d3,json5,tutorial-json5-part1,['D'],['D'],1,2,"[['A', 'D'], ['A']]","{'A': 2, 'D': 1}",{'A': 2},2
65fad673a546ab14baf2f8d3,json5,tutorial-json5-part2,"['A', 'B', 'C', 'D']","['B', 'C', 'D', 'A']",1,0,[],{},{},0
67f1c7bd6f1c4a3d8deae02f,toml,tutorial-toml-part1,"['B', 'D']","['B', 'D']",1,0,[],{},{},0
67f1c7bd6f1c4a3d8deae02f,toml,tutorial-toml-part2,"['A', 'B', 'D']","['A', 'B', 'D']",1,0,[],{},{},0
67adb27bd5f5776fcb16da62,hjson,tutorial-hjson-part1,"['A', 'C']","['A', 'C']",1,3,"[['A', 'B'], ['B', 'D'], ['B', 'D']]","{'A': 1, 'B': 3, 'D': 2}","{'B': 3, 'D': 2}",5
67adb27bd5f5776fcb16da62,hjson,tutorial-hjson-part2,"['A', 'B', 'C', 'D']","['D', 'C', 'B', 'A']",1,1,"[['D', 'C']]","{'D': 1, 'C': 1}",{},0
6675c40cdc52b37294f0514e,hjson,tutorial-hjson-part1,"['A', 'C']","['D', 'C']",0,5,"[['C'], ['C', 'B'], ['C', 'A', 'D'], ['A', 'D'], ['D', 'C']]","{'C': 4, 'B': 1, 'A': 2, 'D': 3}","{'B': 1, 'D': 3}",4
6675c40cdc52b37294f0514e,hjson,tutorial-hjson-part2,"['A', 'B', 'C', 'D']","['C', 'A', 'B', 'D']",1,1,"[['C', 'A']]","{'C': 1, 'A': 1}",{},0
