participantId,task,format,response,start_time,end_time,duration_sec,help_count
64457bc906c125cebd4bf66b,reading-task-tabular-1,json5,9,1746560020255,1746560035079,14.824,0
64457bc906c125cebd4bf66b,reading-task-tabular-2,json5,quiz2,1746560041376,1746560113842,72.466,0
64457bc906c125cebd4bf66b,reading-task-tabular-3,json5,4,1746560124736,1746560149342,24.606,0
64457bc906c125cebd4bf66b,reading-task-tabular-4,json5,Bob,1746560157160,1746560183570,26.41,0
64457bc906c125cebd4bf66b,reading-task-tabular-5,json5,['Eve'],1746560189284,1746560285710,96.426,0
6697c8b6d9d7baa7edd8c4d3,reading-task-tabular-1,hjson,87,1745932019678,1745932085734,66.056,0
6697c8b6d9d7baa7edd8c4d3,reading-task-tabular-2,hjson,quiz2,1745932093752,1745932180509,86.757,0
6697c8b6d9d7baa7edd8c4d3,reading-task-tabular-3,hjson,4,1745932198203,1745932225018,26.815,0
6697c8b6d9d7baa7edd8c4d3,reading-task-tabular-4,hjson,Bob,1745932235588,1745932265601,30.013,0
6697c8b6d9d7baa7edd8c4d3,reading-task-tabular-5,hjson,"['Bob', 'Eve']",1745932275492,1745932558730,283.238,0
67e25388d573ec2d5f1c8442,reading-task-tabular-1,yaml,87,1746146460986,1746146564264,103.278,0
67e25388d573ec2d5f1c8442,reading-task-tabular-2,yaml,quiz1,1746146571775,1746146663763,91.988,0
67e25388d573ec2d5f1c8442,reading-task-tabular-3,yaml,4,1746146670830,1746146712838,42.008,0
67e25388d573ec2d5f1c8442,reading-task-tabular-4,yaml,Bob,1746146717813,1746146761811,43.998,0
67e25388d573ec2d5f1c8442,reading-task-tabular-5,yaml,"['Bob', 'Alice']",1746146768133,1746146822026,53.893,0
67e5cf90b79d0874e1cf16b0,reading-task-tabular-1,toml,87,1746144743732,1746145134356,390.624,0
67e5cf90b79d0874e1cf16b0,reading-task-tabular-2,toml,quiz2,1746145142676,1746145567173,424.497,0
67e5cf90b79d0874e1cf16b0,reading-task-tabular-3,toml,4,1746145576436,1746145610847,34.411,0
67e5cf90b79d0874e1cf16b0,reading-task-tabular-4,toml,Bob,1746145614451,1746145664079,49.628,0
67e5cf90b79d0874e1cf16b0,reading-task-tabular-5,toml,"['Bob', 'Alice']",1746145671931,1746145741814,69.883,0
67d00f24466a67ba7e41228e,reading-task-tabular-1,toml,87,1745930068030,1745930169407,101.377,0
67d00f24466a67ba7e41228e,reading-task-tabular-2,toml,quiz2,1745930176214,1745930322202,145.988,0
67d00f24466a67ba7e41228e,reading-task-tabular-3,toml,4,1745930326486,1745930380081,53.595,0
67d00f24466a67ba7e41228e,reading-task-tabular-4,toml,Bob,1745930384273,1745930487581,103.308,0
67d00f24466a67ba7e41228e,reading-task-tabular-5,toml,['Eve'],1745930492806,1745930597246,104.44,0
66475d6f7b27e4443ef0d031,reading-task-tabular-1,json,87,1744921264863,1744921364727,99.864,0
66475d6f7b27e4443ef0d031,reading-task-tabular-2,json,quiz2,1744921373275,1744921392962,19.687,0
66475d6f7b27e4443ef0d031,reading-task-tabular-3,json,4,1744921396937,1744921411248,14.311,0
66475d6f7b27e4443ef0d031,reading-task-tabular-4,json,Bob,1744921416628,1744921440035,23.407,0
66475d6f7b27e4443ef0d031,reading-task-tabular-5,json,"['Bob', 'Alice']",1744921444515,1744921474164,29.649,0
6672d878f68b9e349b56e871,reading-task-tabular-1,toml,87,1746144243981,1746144348878,104.897,0
6672d878f68b9e349b56e871,reading-task-tabular-2,toml,quiz2,1746144358172,1746144438742,80.57,0
6672d878f68b9e349b56e871,reading-task-tabular-3,toml,4,1746144457639,1746144570801,113.162,0
6672d878f68b9e349b56e871,reading-task-tabular-4,toml,Bob,1746144580314,1746144715207,134.893,0
6672d878f68b9e349b56e871,reading-task-tabular-5,toml,"['Bob', 'Alice']",1746144722404,1746144850362,127.958,0
67f5bb69760b211cdfe8021c,reading-task-tabular-1,jsonc,87,1746149829980,1746149858304,28.324,0
67f5bb69760b211cdfe8021c,reading-task-tabular-2,jsonc,quiz2,1746149867264,1746149900161,32.897,0
67f5bb69760b211cdfe8021c,reading-task-tabular-3,jsonc,4,1746149909189,1746149933321,24.132,0
67f5bb69760b211cdfe8021c,reading-task-tabular-4,jsonc,Bob,1746149943180,1746149982477,39.297,0
67f5bb69760b211cdfe8021c,reading-task-tabular-5,jsonc,"['Bob', 'Alice']",1746149991246,1746150040179,48.933,0
67e571bef6af7ecd9c29ad72,reading-task-tabular-1,json,87,1746146271590,1746146454241,182.651,0
67e571bef6af7ecd9c29ad72,reading-task-tabular-2,json,quiz2,1746146462558,1746146549449,86.891,0
67e571bef6af7ecd9c29ad72,reading-task-tabular-3,json,4,1746146555178,1746146618215,63.037,0
67e571bef6af7ecd9c29ad72,reading-task-tabular-4,json,Bob,1746146623994,1746146712975,88.981,1
67e571bef6af7ecd9c29ad72,reading-task-tabular-5,json,['Bob'],1746146719107,1746146818581,99.474,0
60f1f1d4ac991a259b83f603,reading-task-tabular-1,json,87,1746231759216,1746231860140,100.924,0
60f1f1d4ac991a259b83f603,reading-task-tabular-2,json,quiz2,1746231868929,1746231959323,90.394,0
60f1f1d4ac991a259b83f603,reading-task-tabular-3,json,5,1746231969944,1746232018060,48.116,0
60f1f1d4ac991a259b83f603,reading-task-tabular-4,json,Bob,1746232030031,1746232075072,45.041,0
60f1f1d4ac991a259b83f603,reading-task-tabular-5,json,"['Bob', 'Alice']",1746232084637,1746232133317,48.68,0
678f0bb28ec3307e4f1afb78,reading-task-tabular-1,hjson,87,1746144649048,1746144777889,128.841,0
678f0bb28ec3307e4f1afb78,reading-task-tabular-2,hjson,quiz2,1746144788858,1746144825979,37.121,0
678f0bb28ec3307e4f1afb78,reading-task-tabular-3,hjson,4,1746144831929,1746144862276,30.347,0
678f0bb28ec3307e4f1afb78,reading-task-tabular-4,hjson,Bob,1746144869255,1746144950210,80.955,0
678f0bb28ec3307e4f1afb78,reading-task-tabular-5,hjson,"['Bob', 'Alice']",1746144955799,1746144997447,41.648,0
669b961e1c9cf30a26bb57d2,reading-task-tabular-1,xml,87,1746231885832,1746231971698,85.866,0
669b961e1c9cf30a26bb57d2,reading-task-tabular-2,xml,quiz2,1746231983907,1746232041463,57.556,0
669b961e1c9cf30a26bb57d2,reading-task-tabular-3,xml,4,1746232053392,1746232109877,56.485,0
669b961e1c9cf30a26bb57d2,reading-task-tabular-4,xml,Bob,1746232119027,1746232196350,77.323,0
669b961e1c9cf30a26bb57d2,reading-task-tabular-5,xml,"['Bob', 'Alice']",1746232203007,1746232255467,52.46,0
673c13c9d37c8a73bc80b8ce,reading-task-tabular-1,json,87,1746145297782,1746145493584,195.802,0
673c13c9d37c8a73bc80b8ce,reading-task-tabular-2,json,quiz2,1746145508125,1746145580806,72.681,0
673c13c9d37c8a73bc80b8ce,reading-task-tabular-3,json,4,1746145596842,1746145647497,50.655,0
673c13c9d37c8a73bc80b8ce,reading-task-tabular-4,json,Bob,1746145658082,1746145714670,56.588,0
673c13c9d37c8a73bc80b8ce,reading-task-tabular-5,json,"['Alice', 'Bob']",1746145722310,1746145817769,95.459,0
66992f58a7964f557fc75f58,reading-task-tabular-1,toml,87,1744921372929,1744921831408,458.479,0
66992f58a7964f557fc75f58,reading-task-tabular-2,toml,quiz2,1744921835211,1744921850879,15.668,0
66992f58a7964f557fc75f58,reading-task-tabular-3,toml,4,1744921853340,1744923714570,1861.23,0
66992f58a7964f557fc75f58,reading-task-tabular-4,toml,Bob,1744923717438,1744923757129,39.691,0
66992f58a7964f557fc75f58,reading-task-tabular-5,toml,"['Bob', 'Alice']",1744923759913,1744924058275,298.362,0
60721c2da01b3a616edba9a7,reading-task-tabular-1,xml,77,1745930325234,1745930418504,93.27,0
60721c2da01b3a616edba9a7,reading-task-tabular-2,xml,quiz2,1745930426542,1745930479116,52.574,0
60721c2da01b3a616edba9a7,reading-task-tabular-3,xml,3,1745930484356,1745930534065,49.709,0
60721c2da01b3a616edba9a7,reading-task-tabular-4,xml,Bob,1745930542839,1745930673831,130.992,0
60721c2da01b3a616edba9a7,reading-task-tabular-5,xml,"['Bob', 'Alice']",1745930678646,1745930799027,120.381,0
673e43cc760355e9e4f042a3,reading-task-tabular-1,json5,87,1746562911603,1746562954231,42.628,0
673e43cc760355e9e4f042a3,reading-task-tabular-2,json5,quiz2,1746562960754,1746563031120,70.366,0
673e43cc760355e9e4f042a3,reading-task-tabular-3,json5,2,1746563035899,1746563094679,58.78,0
673e43cc760355e9e4f042a3,reading-task-tabular-4,json5,Bob,1746563098400,1746563139255,40.855,0
673e43cc760355e9e4f042a3,reading-task-tabular-5,json5,"['Alice', 'Bob']",1746563144314,1746563201119,56.805,0
60a0b744298c64d46b63e893,reading-task-tabular-1,hjson,87,1746521854362,1746521899651,45.289,0
60a0b744298c64d46b63e893,reading-task-tabular-2,hjson,quiz2,1746521905318,1746522013919,108.601,0
60a0b744298c64d46b63e893,reading-task-tabular-3,hjson,4,1746522018222,1746522074667,56.445,0
60a0b744298c64d46b63e893,reading-task-tabular-4,hjson,Bob,1746522080828,1746522109748,28.92,0
60a0b744298c64d46b63e893,reading-task-tabular-5,hjson,"['Bob', 'Alice']",1746522117498,1746522187792,70.294,0
67dc19c31078d1581e39e75a,reading-task-tabular-1,yaml,77,1746144234390,1746144301825,67.435,0
67dc19c31078d1581e39e75a,reading-task-tabular-2,yaml,quiz2,1746144309291,1746144359952,50.661,0
67dc19c31078d1581e39e75a,reading-task-tabular-3,yaml,2,1746144366823,1746144397258,30.435,0
67dc19c31078d1581e39e75a,reading-task-tabular-4,yaml,Bob,1746144403012,1746144435710,32.698,0
67dc19c31078d1581e39e75a,reading-task-tabular-5,yaml,"['Bob', 'Alice', 'Eve']",1746144441513,1746144487304,45.791,0
678bad003d15e6aba1ee5a5d,reading-task-tabular-1,jsonc,87,1746385238352,1746385278830,40.478,0
678bad003d15e6aba1ee5a5d,reading-task-tabular-2,jsonc,quiz2,1746385285357,1746385347829,62.472,0
678bad003d15e6aba1ee5a5d,reading-task-tabular-3,jsonc,4,1746385354746,1746385419242,64.496,0
678bad003d15e6aba1ee5a5d,reading-task-tabular-4,jsonc,Bob,1746385423940,1746385494543,70.603,0
678bad003d15e6aba1ee5a5d,reading-task-tabular-5,jsonc,"['Bob', 'Alice']",1746385499287,1746385613049,113.762,0
66cdfebcb908ea2717d06b6c,reading-task-tabular-1,hjson,87,1746144053941,1746144145684,91.743,0
66cdfebcb908ea2717d06b6c,reading-task-tabular-2,hjson,quiz2,1746144156303,1746144183287,26.984,0
66cdfebcb908ea2717d06b6c,reading-task-tabular-3,hjson,4,1746144192229,1746144222946,30.717,0
66cdfebcb908ea2717d06b6c,reading-task-tabular-4,hjson,Bob,1746144231922,1746144269413,37.491,0
66cdfebcb908ea2717d06b6c,reading-task-tabular-5,hjson,"['Bob', 'Eve']",1746144275663,1746144334305,58.642,0
67f0c5d37f91ceae5cb3b318,reading-task-tabular-1,jsonc,87,1746144229415,1746144270996,41.581,0
67f0c5d37f91ceae5cb3b318,reading-task-tabular-2,jsonc,quiz2,1746144277257,1746144325246,47.989,0
67f0c5d37f91ceae5cb3b318,reading-task-tabular-3,jsonc,4,1746144343133,1746144375340,32.207,0
67f0c5d37f91ceae5cb3b318,reading-task-tabular-4,jsonc,Bob,1746144383707,1746144526669,142.962,0
67f0c5d37f91ceae5cb3b318,reading-task-tabular-5,jsonc,"['Bob', 'Alice']",1746144533962,1746144676153,142.191,0
56cb8858edf8da000b6df354,reading-task-tabular-1,hjson,87,1746391668428,1746391719274,50.846,0
56cb8858edf8da000b6df354,reading-task-tabular-2,hjson,quiz2,1746391724224,1746391748657,24.433,0
56cb8858edf8da000b6df354,reading-task-tabular-3,hjson,4,1746391751497,1746391765557,14.06,0
56cb8858edf8da000b6df354,reading-task-tabular-4,hjson,Bob,1746391768753,1746391784384,15.631,0
56cb8858edf8da000b6df354,reading-task-tabular-5,hjson,"['Bob', 'Alice']",1746391786929,1746391835272,48.343,0
67aee0dfad3492b61a9ba0eb,reading-task-tabular-1,jsonc,87,1746150135807,1746150154204,18.397,0
67aee0dfad3492b61a9ba0eb,reading-task-tabular-2,jsonc,quiz2,1746150160978,1746150220410,59.432,0
67aee0dfad3492b61a9ba0eb,reading-task-tabular-3,jsonc,4,1746150227367,1746150265359,37.992,0
67aee0dfad3492b61a9ba0eb,reading-task-tabular-4,jsonc,Bob,1746150271023,1746150281650,10.627,0
67aee0dfad3492b61a9ba0eb,reading-task-tabular-5,jsonc,"['Bob', 'Alice']",1746150287427,1746150328382,40.955,0
667971a555af1f83d3f29ae7,reading-task-tabular-1,hjson,87,1746495016300,1746495093544,77.244,0
667971a555af1f83d3f29ae7,reading-task-tabular-2,hjson,quiz2,1746495100791,1746495144477,43.686,0
667971a555af1f83d3f29ae7,reading-task-tabular-3,hjson,4,1746495149442,1746495183964,34.522,0
667971a555af1f83d3f29ae7,reading-task-tabular-4,hjson,Bob,1746495187726,1746495216753,29.027,0
667971a555af1f83d3f29ae7,reading-task-tabular-5,hjson,"['Bob', 'Alice']",1746495224183,1746495303075,78.892,0
5c6414540821d30001046198,reading-task-tabular-1,hjson,87,1747341394619,1747341501344,106.725,0
5c6414540821d30001046198,reading-task-tabular-2,hjson,quiz2,1747341515701,1747341628371,112.67,0
5c6414540821d30001046198,reading-task-tabular-3,hjson,4,1747341635146,1747341670701,35.555,0
5c6414540821d30001046198,reading-task-tabular-4,hjson,Bob,1747341678874,1747341726237,47.363,0
5c6414540821d30001046198,reading-task-tabular-5,hjson,"['Bob', 'Alice']",1747341734935,1747341833372,98.437,0
6788c1c724c24dc56b08790a,reading-task-tabular-1,json5,87,1746528681556,1746528921061,239.505,1
6788c1c724c24dc56b08790a,reading-task-tabular-2,json5,quiz2,1746528928325,1746528983263,54.938,0
6788c1c724c24dc56b08790a,reading-task-tabular-3,json5,3,1746529043482,1746529090350,46.868,0
6788c1c724c24dc56b08790a,reading-task-tabular-4,json5,Bob,1746529096699,1746529140142,43.443,0
6788c1c724c24dc56b08790a,reading-task-tabular-5,json5,"['Bob', 'Alice']",1746529144098,1746529206668,62.57,0
67adb520391eb17f214a50b4,reading-task-tabular-1,yaml,87,1746144977958,1746145091871,113.913,0
67adb520391eb17f214a50b4,reading-task-tabular-2,yaml,quiz2,1746145101616,1746145132983,31.367,0
67adb520391eb17f214a50b4,reading-task-tabular-3,yaml,2,1746145140979,1746145174481,33.502,0
67adb520391eb17f214a50b4,reading-task-tabular-4,yaml,Bob,1746145181912,1746145262104,80.192,0
67adb520391eb17f214a50b4,reading-task-tabular-5,yaml,"['Bob', 'Alice']",1746145268147,1746145343890,75.743,0
67d95269b47464c18da766ca,reading-task-tabular-1,xml,77,1746149904694,1746150001888,97.194,1
67d95269b47464c18da766ca,reading-task-tabular-2,xml,quiz2,1746150016350,1746150168240,151.89,0
67d95269b47464c18da766ca,reading-task-tabular-3,xml,4,1746150175648,1746150263483,87.835,0
67d95269b47464c18da766ca,reading-task-tabular-4,xml,Bob,1746150271884,1746150380215,108.331,0
67d95269b47464c18da766ca,reading-task-tabular-5,xml,"['Bob', 'Alice']",1746150386378,1746150475946,89.568,0
64275e53f51a5ed4f6b7d019,reading-task-tabular-1,toml,87,1746144474338,1746144603845,129.507,0
64275e53f51a5ed4f6b7d019,reading-task-tabular-2,toml,quiz2,1746144608795,1746144651020,42.225,0
64275e53f51a5ed4f6b7d019,reading-task-tabular-3,toml,4,1746144655769,1746144681558,25.789,0
64275e53f51a5ed4f6b7d019,reading-task-tabular-4,toml,Bob,1746144685597,1746144723698,38.101,0
64275e53f51a5ed4f6b7d019,reading-task-tabular-5,toml,"['Bob', 'Alice']",1746144727382,1746144774091,46.709,0
6734346ca8e90c2da6fb4509,reading-task-tabular-1,jsonc,9,1747334901138,1747334927211,26.073,1
6734346ca8e90c2da6fb4509,reading-task-tabular-2,jsonc,quiz2,1747334932299,1747334978204,45.905,0
6734346ca8e90c2da6fb4509,reading-task-tabular-3,jsonc,4,1747334982528,1747335033279,50.751,0
6734346ca8e90c2da6fb4509,reading-task-tabular-4,jsonc,Bob,1747335041352,1747335154283,112.931,0
6734346ca8e90c2da6fb4509,reading-task-tabular-5,jsonc,"['Bob', 'Alice']",1747335161018,1747335261896,100.878,0
66049694dfb8828a8f3dce70,reading-task-tabular-1,yaml,87,1745929646468,1745929822828,176.36,0
66049694dfb8828a8f3dce70,reading-task-tabular-2,yaml,quiz2,1745929836318,1745929881563,45.245,0
66049694dfb8828a8f3dce70,reading-task-tabular-3,yaml,4,1745929891686,1745929925232,33.546,0
66049694dfb8828a8f3dce70,reading-task-tabular-4,yaml,Bob,1745929931328,1745929962037,30.709,0
66049694dfb8828a8f3dce70,reading-task-tabular-5,yaml,"['Bob', 'Alice']",1745929968606,1745930057936,89.33,0
67ab214c2cde1be7c45535ac,reading-task-tabular-1,jsonc,87,1745933107504,1745933188927,81.423,0
67ab214c2cde1be7c45535ac,reading-task-tabular-2,jsonc,quiz2,1745933200888,1745933217879,16.991,0
67ab214c2cde1be7c45535ac,reading-task-tabular-3,jsonc,4,1745933223832,1745933234811,10.979,0
67ab214c2cde1be7c45535ac,reading-task-tabular-4,jsonc,Bob,1745933241737,1745933264427,22.69,0
67ab214c2cde1be7c45535ac,reading-task-tabular-5,jsonc,"['Bob', 'Alice']",1745933272279,1745933317616,45.337,0
607728dc0b4f8590b94ae57c,reading-task-tabular-1,jsonc,87,1746383839380,1746383875741,36.361,0
607728dc0b4f8590b94ae57c,reading-task-tabular-2,jsonc,quiz2,1746383880220,1746383919208,38.988,0
607728dc0b4f8590b94ae57c,reading-task-tabular-3,jsonc,4,1746383924359,1746384174731,250.372,0
607728dc0b4f8590b94ae57c,reading-task-tabular-4,jsonc,Bob,1746384178834,1746384205008,26.174,0
607728dc0b4f8590b94ae57c,reading-task-tabular-5,jsonc,"['Bob', 'Alice']",1746384208264,1746384273795,65.531,0
667c18ace97ab6869cb1c50e,reading-task-tabular-1,hjson,87,1746385550356,1746385614539,64.183,0
667c18ace97ab6869cb1c50e,reading-task-tabular-2,hjson,quiz2,1746385618669,1746385676505,57.836,0
667c18ace97ab6869cb1c50e,reading-task-tabular-3,hjson,4,1746385682087,1746385720873,38.786,0
667c18ace97ab6869cb1c50e,reading-task-tabular-4,hjson,Bob,1746385724377,1746385745522,21.145,0
667c18ace97ab6869cb1c50e,reading-task-tabular-5,hjson,"['Eve', 'Alice', 'Bob']",1746385748559,1746385786724,38.165,0
667ac09492ea0caadf488520,reading-task-tabular-1,json,8,1746489141734,1746489231720,89.986,0
667ac09492ea0caadf488520,reading-task-tabular-2,json,quiz1,1746489241760,1746489385584,143.824,0
667ac09492ea0caadf488520,reading-task-tabular-3,json,5,1746489399271,1746489508187,108.916,0
667ac09492ea0caadf488520,reading-task-tabular-4,json,Bob,1746489515457,1746489547753,32.296,0
667ac09492ea0caadf488520,reading-task-tabular-5,json,"['Bob', 'Alice', 'Eve']",1746489560790,1746489646682,85.892,0
6740ae39809389d7da9de209,reading-task-tabular-1,xml,87,1746144511661,1746144660143,148.482,0
6740ae39809389d7da9de209,reading-task-tabular-2,xml,quiz2,1746144675332,1746144774746,99.414,0
6740ae39809389d7da9de209,reading-task-tabular-3,xml,4,1746144781608,1746144830064,48.456,0
6740ae39809389d7da9de209,reading-task-tabular-4,xml,Bob,1746144838558,1746144925703,87.145,0
6740ae39809389d7da9de209,reading-task-tabular-5,xml,"['Bob', 'Alice']",1746144933978,1746145063103,129.125,0
67c246023b44ca64d40ae45a,reading-task-tabular-1,json5,87,1745940403085,1745940518757,115.672,0
67c246023b44ca64d40ae45a,reading-task-tabular-2,json5,quiz2,1745940532896,1745940563885,30.989,0
67c246023b44ca64d40ae45a,reading-task-tabular-3,json5,2,1745940568779,1745940723821,155.042,0
67c246023b44ca64d40ae45a,reading-task-tabular-4,json5,Bob,1745940731679,1745940830582,98.903,0
67c246023b44ca64d40ae45a,reading-task-tabular-5,json5,['Alice'],1745940836339,1745941032973,196.634,0
67debe02a893eea51e8d02f2,reading-task-tabular-1,json,87,1745929927333,1745930009879,82.546,0
67debe02a893eea51e8d02f2,reading-task-tabular-2,json,quiz2,1745930020902,1745930060642,39.74,0
67debe02a893eea51e8d02f2,reading-task-tabular-3,json,4,1745930069148,1745930099691,30.543,0
67debe02a893eea51e8d02f2,reading-task-tabular-4,json,Bob,1745930106380,1745930140881,34.501,0
67debe02a893eea51e8d02f2,reading-task-tabular-5,json,"['Bob', 'Alice']",1745930149150,1745930231829,82.679,0
673d0377254c407e5da57f97,reading-task-tabular-1,toml,87,1746384923052,1746385048224,125.172,0
673d0377254c407e5da57f97,reading-task-tabular-2,toml,quiz2,1746385055859,1746385122926,67.067,0
673d0377254c407e5da57f97,reading-task-tabular-3,toml,4,1746385131019,1746385216814,85.795,0
673d0377254c407e5da57f97,reading-task-tabular-4,toml,Bob,1746385225868,1746385256964,31.096,0
673d0377254c407e5da57f97,reading-task-tabular-5,toml,"['Bob', 'Alice']",1746385264476,1746385367577,103.101,0
62fd14d7b1e0729dc8aadb79,reading-task-tabular-1,xml,87,1746487972332,1746488026494,54.162,0
62fd14d7b1e0729dc8aadb79,reading-task-tabular-2,xml,quiz2,1746488030976,1746488081606,50.63,0
62fd14d7b1e0729dc8aadb79,reading-task-tabular-3,xml,4,1746488084959,1746488100883,15.924,0
62fd14d7b1e0729dc8aadb79,reading-task-tabular-4,xml,Bob,1746488104154,1746488133218,29.064,0
62fd14d7b1e0729dc8aadb79,reading-task-tabular-5,xml,"['Bob', 'Alice']",1746488137002,1746488205593,68.591,0
5dafea4de40355001651fa2f,reading-task-tabular-1,jsonc,87,1745929444296,1745929491297,47.001,0
5dafea4de40355001651fa2f,reading-task-tabular-2,jsonc,quiz2,1745929500864,1745929543889,43.025,0
5dafea4de40355001651fa2f,reading-task-tabular-3,jsonc,2,1745929554295,1745929596619,42.324,0
5dafea4de40355001651fa2f,reading-task-tabular-4,jsonc,Bob,1745929615528,1745929670876,55.348,0
5dafea4de40355001651fa2f,reading-task-tabular-5,jsonc,"['Alice', 'Eve']",1745929677510,1745929737263,59.753,0
6787e4bd2bf9557a90208f03,reading-task-tabular-1,yaml,87,1746387297211,1746387355222,58.011,0
6787e4bd2bf9557a90208f03,reading-task-tabular-2,yaml,quiz2,1746387370992,1746387424664,53.672,0
6787e4bd2bf9557a90208f03,reading-task-tabular-3,yaml,4,1746387433103,1746387483282,50.179,0
6787e4bd2bf9557a90208f03,reading-task-tabular-4,yaml,Bob,1746387489252,1746387536238,46.986,0
6787e4bd2bf9557a90208f03,reading-task-tabular-5,yaml,"['Bob', 'Alice']",1746387544501,1746387685586,141.085,0
5e8a5a892f6f027054a83d88,reading-task-tabular-1,toml,87,1746384210175,1746384260486,50.311,0
5e8a5a892f6f027054a83d88,reading-task-tabular-2,toml,quiz2,1746384265352,1746384311380,46.028,0
5e8a5a892f6f027054a83d88,reading-task-tabular-3,toml,5,1746384315497,1746384358831,43.334,0
5e8a5a892f6f027054a83d88,reading-task-tabular-4,toml,Bob,1746384361896,1746384386315,24.419,0
5e8a5a892f6f027054a83d88,reading-task-tabular-5,toml,"['Bob', 'Alice']",1746384389102,1746384437667,48.565,0
67e4920c40c9561040ca01d0,reading-task-tabular-1,xml,8,1745929945921,1745930092169,146.248,0
67e4920c40c9561040ca01d0,reading-task-tabular-2,xml,quiz1,1745930103984,1745930182523,78.539,0
67e4920c40c9561040ca01d0,reading-task-tabular-3,xml,2,1745930191034,1745930239216,48.182,0
67e4920c40c9561040ca01d0,reading-task-tabular-4,xml,Eve,1745930252128,1745930318641,66.513,0
67e4920c40c9561040ca01d0,reading-task-tabular-5,xml,['Bob'],1745930325267,1745930361722,36.455,0
615200d54efc832849db2259,reading-task-tabular-1,json,87,1746384662852,1746384769185,106.333,0
615200d54efc832849db2259,reading-task-tabular-2,json,quiz2,1746384796865,1746384856850,59.985,0
615200d54efc832849db2259,reading-task-tabular-3,json,4,1746384865411,1746384952449,87.038,0
615200d54efc832849db2259,reading-task-tabular-4,json,Bob,1746384959105,1746384993373,34.268,0
615200d54efc832849db2259,reading-task-tabular-5,json,"['Bob', 'Alice']",1746384998385,1746385104433,106.048,0
67f184a3b82990251abd1592,reading-task-tabular-1,yaml,87,1746384536400,1746384627131,90.731,0
67f184a3b82990251abd1592,reading-task-tabular-2,yaml,quiz2,1746384636841,1746384768397,131.556,0
67f184a3b82990251abd1592,reading-task-tabular-3,yaml,3,1746384776522,1746385003805,227.283,0
67f184a3b82990251abd1592,reading-task-tabular-4,yaml,Bob,1746385015318,1746385062199,46.881,0
67f184a3b82990251abd1592,reading-task-tabular-5,yaml,"['Bob', 'Alice', 'Eve']",1746385068798,1746385112663,43.865,0
67bf88cc763aae600b429a3e,reading-task-tabular-1,toml,87,1746150726411,1746150822268,95.857,0
67bf88cc763aae600b429a3e,reading-task-tabular-2,toml,quiz2,1746150833061,1746150916296,83.235,0
67bf88cc763aae600b429a3e,reading-task-tabular-3,toml,4,1746150931718,1746151010004,78.286,0
67bf88cc763aae600b429a3e,reading-task-tabular-4,toml,Bob,1746151016077,1746151087602,71.525,0
67bf88cc763aae600b429a3e,reading-task-tabular-5,toml,['Alice'],1746151093236,1746151278146,184.91,0
67a754a5c8614c52a939d87b,reading-task-tabular-1,hjson,87,1746150005473,1746150094965,89.492,0
67a754a5c8614c52a939d87b,reading-task-tabular-2,hjson,quiz2,1746150103907,1746150202429,98.522,0
67a754a5c8614c52a939d87b,reading-task-tabular-3,hjson,4,1746150209411,1746150240302,30.891,0
67a754a5c8614c52a939d87b,reading-task-tabular-4,hjson,Bob,1746150250487,1746150355989,105.502,0
67a754a5c8614c52a939d87b,reading-task-tabular-5,hjson,"['Bob', 'Alice']",1746150361512,1746150404436,42.924,0
60fce3df91350150e2e88423,reading-task-tabular-1,yaml,87,1744921095280,1744921115057,19.777,0
60fce3df91350150e2e88423,reading-task-tabular-2,yaml,quiz2,1744921121776,1744921146776,25.0,0
60fce3df91350150e2e88423,reading-task-tabular-3,yaml,4,1744921154091,1744921168589,14.498,0
60fce3df91350150e2e88423,reading-task-tabular-4,yaml,Bob,1744921174421,1744921200489,26.068,0
60fce3df91350150e2e88423,reading-task-tabular-5,yaml,"['Bob', 'Alice']",1744921207186,1744921261357,54.171,0
67d29234dbfdb6668d124115,reading-task-tabular-1,yaml,77,1746149670117,1746149727475,57.358,0
67d29234dbfdb6668d124115,reading-task-tabular-2,yaml,quiz1,1746149736889,1746149804184,67.295,0
67d29234dbfdb6668d124115,reading-task-tabular-3,yaml,3,1746149810065,1746149893621,83.556,0
67d29234dbfdb6668d124115,reading-task-tabular-4,yaml,Alice,1746149905406,1746149955392,49.986,0
67d29234dbfdb6668d124115,reading-task-tabular-5,yaml,['Alice'],1746149961858,1746150056725,94.867,0
65cf6d8a589a67afcab54e6f,reading-task-tabular-1,hjson,87,1746384034095,1746384118016,83.921,0
65cf6d8a589a67afcab54e6f,reading-task-tabular-2,hjson,quiz2,1746384123325,1746384164280,40.955,0
65cf6d8a589a67afcab54e6f,reading-task-tabular-3,hjson,4,1746384168482,1746384247013,78.531,0
65cf6d8a589a67afcab54e6f,reading-task-tabular-4,hjson,Bob,1746384250850,1746384272478,21.628,0
65cf6d8a589a67afcab54e6f,reading-task-tabular-5,hjson,"['Bob', 'Alice']",1746384276429,1746384323988,47.559,0
672d98919cc177d28c204e76,reading-task-tabular-1,json5,87,1744921174446,1744921210200,35.754,0
672d98919cc177d28c204e76,reading-task-tabular-2,json5,quiz2,1744921223456,1744921317217,93.761,0
672d98919cc177d28c204e76,reading-task-tabular-3,json5,2,1744921329054,1744921379624,50.57,0
672d98919cc177d28c204e76,reading-task-tabular-4,json5,Bob,1744921386102,1744921411288,25.186,0
672d98919cc177d28c204e76,reading-task-tabular-5,json5,"['Bob', 'Alice']",1744921416245,1744921476249,60.004,0
66b0d065329001a04e5ae671,reading-task-tabular-1,json,87,1746522916340,1746522990565,74.225,0
66b0d065329001a04e5ae671,reading-task-tabular-2,json,quiz2,1746522999162,1746523056125,56.963,0
66b0d065329001a04e5ae671,reading-task-tabular-3,json,4,1746523059087,1746523106461,47.374,0
66b0d065329001a04e5ae671,reading-task-tabular-4,json,Bob,1746523110424,1746523195349,84.925,0
66b0d065329001a04e5ae671,reading-task-tabular-5,json,['Alice'],1746523198678,1746523377509,178.831,0
67f1a4f8dd44e7cd5adffa29,reading-task-tabular-1,json5,87,1746387904064,1746388233339,329.275,0
67f1a4f8dd44e7cd5adffa29,reading-task-tabular-2,json5,quiz2,1746388245562,1746388456395,210.833,0
67f1a4f8dd44e7cd5adffa29,reading-task-tabular-3,json5,4,1746388466843,1746388634642,167.799,0
67f1a4f8dd44e7cd5adffa29,reading-task-tabular-4,json5,Bob,1746388640535,1746388695842,55.307,0
67f1a4f8dd44e7cd5adffa29,reading-task-tabular-5,json5,['Alice'],1746388702110,1746388995770,293.66,0
5e3b5fa9255e7a37bc841135,reading-task-tabular-1,json,87,1746391122811,1746391194590,71.779,0
5e3b5fa9255e7a37bc841135,reading-task-tabular-2,json,quiz2,1746391202667,1746391255072,52.405,0
5e3b5fa9255e7a37bc841135,reading-task-tabular-3,json,4,1746391262467,1746391284309,21.842,0
5e3b5fa9255e7a37bc841135,reading-task-tabular-4,json,Bob,1746391292767,1746391313411,20.644,0
5e3b5fa9255e7a37bc841135,reading-task-tabular-5,json,"['Bob', 'Alice']",1746391318990,1746391382660,63.67,0
677c52fe648cd68583dd3b1e,reading-task-tabular-1,xml,87,1746144176778,1746144332840,156.062,0
677c52fe648cd68583dd3b1e,reading-task-tabular-2,xml,quiz2,1746144339815,1746144494839,155.024,0
677c52fe648cd68583dd3b1e,reading-task-tabular-3,xml,4,1746144503066,1746144584994,81.928,0
677c52fe648cd68583dd3b1e,reading-task-tabular-4,xml,Bob,1746144597015,1746144664459,67.444,0
677c52fe648cd68583dd3b1e,reading-task-tabular-5,xml,"['Bob', 'Alice']",1746144671128,1746144745135,74.007,0
5d30dfa68b1523000134878f,reading-task-tabular-1,json,87,1745929616468,1745929663512,47.044,0
5d30dfa68b1523000134878f,reading-task-tabular-2,json,quiz2,1745929668475,1745929735388,66.913,0
5d30dfa68b1523000134878f,reading-task-tabular-3,json,4,1745929739479,1745929765542,26.063,0
5d30dfa68b1523000134878f,reading-task-tabular-4,json,Bob,1745929768636,1745929812255,43.619,0
5d30dfa68b1523000134878f,reading-task-tabular-5,json,"['Bob', 'Alice']",1745929814790,1745929859601,44.811,0
671a519900a99ebc15a67672,reading-task-tabular-1,yaml,87,1746389316642,1746389416499,99.857,0
671a519900a99ebc15a67672,reading-task-tabular-2,yaml,quiz2,1746389432579,1746389548343,115.764,0
671a519900a99ebc15a67672,reading-task-tabular-3,yaml,2,1746389557537,1746389705202,147.665,0
671a519900a99ebc15a67672,reading-task-tabular-4,yaml,Bob,1746389715416,1746389802514,87.098,0
671a519900a99ebc15a67672,reading-task-tabular-5,yaml,"['Bob', 'Alice', 'Eve']",1746389811216,1746389920742,109.526,0
672ca6c0324ac26cdc0dd298,reading-task-tabular-1,json5,87,1746522988434,1746523018304,29.87,0
672ca6c0324ac26cdc0dd298,reading-task-tabular-2,json5,quiz2,1746523027189,1746523085155,57.966,0
672ca6c0324ac26cdc0dd298,reading-task-tabular-3,json5,2,1746523095696,1746523145582,49.886,0
672ca6c0324ac26cdc0dd298,reading-task-tabular-4,json5,Eve,1746523155541,1746523244385,88.844,0
672ca6c0324ac26cdc0dd298,reading-task-tabular-5,json5,['Alice'],1746523254305,1746523363219,108.914,0
67d7fa657f5ac0292a291a38,reading-task-tabular-1,hjson,87,1746145047840,1746145111475,63.635,0
67d7fa657f5ac0292a291a38,reading-task-tabular-2,hjson,quiz2,1746145122683,1746145283371,160.688,0
67d7fa657f5ac0292a291a38,reading-task-tabular-3,hjson,2,1746145294286,1746145398254,103.968,0
67d7fa657f5ac0292a291a38,reading-task-tabular-4,hjson,Bob,1746145407140,1746145549830,142.69,0
67d7fa657f5ac0292a291a38,reading-task-tabular-5,hjson,"['Bob', 'Alice']",1746145556986,1746145776090,219.104,0
677d185800ab83d1b0185d82,reading-task-tabular-1,jsonc,87,1746149182666,1746149307787,125.121,0
677d185800ab83d1b0185d82,reading-task-tabular-2,jsonc,quiz2,1746149319841,1746149487226,167.385,0
677d185800ab83d1b0185d82,reading-task-tabular-3,jsonc,2,1746149501582,1746149593149,91.567,0
677d185800ab83d1b0185d82,reading-task-tabular-4,jsonc,Eve,1746149603449,1746149697676,94.227,0
677d185800ab83d1b0185d82,reading-task-tabular-5,jsonc,['Alice'],1746149714309,1746149948332,234.023,0
5b68c9eb87af310001584803,reading-task-tabular-1,json5,87,1746383766694,1746383825624,58.93,0
5b68c9eb87af310001584803,reading-task-tabular-2,json5,quiz2,1746383830464,1746383880984,50.52,0
5b68c9eb87af310001584803,reading-task-tabular-3,json5,4,1746383886449,1746383924048,37.599,2
5b68c9eb87af310001584803,reading-task-tabular-4,json5,Bob,1746383932171,1746383963769,31.598,0
5b68c9eb87af310001584803,reading-task-tabular-5,json5,"['Alice', 'Bob']",1746383968785,1746384007112,38.327,0
6784ff2095dd9b97e969b01f,reading-task-tabular-1,jsonc,87,1746390279134,1746390536276,257.142,0
6784ff2095dd9b97e969b01f,reading-task-tabular-2,jsonc,quiz2,1746390546530,1746390718114,171.584,0
6784ff2095dd9b97e969b01f,reading-task-tabular-3,jsonc,4,1746390723901,1746390816835,92.934,0
6784ff2095dd9b97e969b01f,reading-task-tabular-4,jsonc,Bob,1746390824277,1746390867328,43.051,0
6784ff2095dd9b97e969b01f,reading-task-tabular-5,jsonc,"['Bob', 'Alice', 'Eve']",1746390873672,1746390943406,69.734,0
67eff2b1a264260e948a4d14,reading-task-tabular-1,xml,87,1746389963694,1746390228465,264.771,0
67eff2b1a264260e948a4d14,reading-task-tabular-2,xml,quiz2,1746390237385,1746390420137,182.752,0
67eff2b1a264260e948a4d14,reading-task-tabular-3,xml,4,1746390427737,1746390472938,45.201,0
67eff2b1a264260e948a4d14,reading-task-tabular-4,xml,Bob,1746390477661,1746390525013,47.352,0
67eff2b1a264260e948a4d14,reading-task-tabular-5,xml,['Bob'],1746390528757,1746390585100,56.343,0
5ecc71c95c92c2000a9e9a19,reading-task-tabular-1,jsonc,87,1746231649036,1746231712436,63.4,0
5ecc71c95c92c2000a9e9a19,reading-task-tabular-2,jsonc,quiz2,1746231716489,1746231758660,42.171,0
5ecc71c95c92c2000a9e9a19,reading-task-tabular-3,jsonc,4,1746231761557,1746231794203,32.646,0
5ecc71c95c92c2000a9e9a19,reading-task-tabular-4,jsonc,Bob,1746231796476,1746231836564,40.088,0
5ecc71c95c92c2000a9e9a19,reading-task-tabular-5,jsonc,"['Bob', 'Alice']",1746231838700,1746231886508,47.808,0
61267b828ead584bcf092e35,reading-task-tabular-1,hjson,87,1746234231046,1746234389600,158.554,0
61267b828ead584bcf092e35,reading-task-tabular-2,hjson,quiz2,1746234398083,1746234489851,91.768,0
61267b828ead584bcf092e35,reading-task-tabular-3,hjson,4,1746234495013,1746234546621,51.608,0
61267b828ead584bcf092e35,reading-task-tabular-4,hjson,Bob,1746234551503,1746234609316,57.813,0
61267b828ead584bcf092e35,reading-task-tabular-5,hjson,"['Bob', 'Alice']",1746234615623,1746234812287,196.664,0
6501c0a2e788b5556c24569d,reading-task-tabular-1,xml,87,1746526539633,1746526603235,63.602,0
6501c0a2e788b5556c24569d,reading-task-tabular-2,xml,quiz2,1746526611546,1746526643896,32.35,0
6501c0a2e788b5556c24569d,reading-task-tabular-3,xml,4,1746526650633,1746526675534,24.901,0
6501c0a2e788b5556c24569d,reading-task-tabular-4,xml,Bob,1746526682834,1746526701708,18.874,0
6501c0a2e788b5556c24569d,reading-task-tabular-5,xml,"['Bob', 'Alice']",1746526706805,1746526726138,19.333,0
637d8ca00150ac6e71a34ec9,reading-task-tabular-1,yaml,87,1746144236333,1746144333168,96.835,0
637d8ca00150ac6e71a34ec9,reading-task-tabular-2,yaml,quiz2,1746144348163,1746144418641,70.478,0
637d8ca00150ac6e71a34ec9,reading-task-tabular-3,yaml,4,1746144429878,1746144454137,24.259,0
637d8ca00150ac6e71a34ec9,reading-task-tabular-4,yaml,Bob,1746144461218,1746144495312,34.094,0
637d8ca00150ac6e71a34ec9,reading-task-tabular-5,yaml,['Eve'],1746144500209,1746144631624,131.415,0
67cb01a82dda2577eb6ee320,reading-task-tabular-1,json,87,1746393251647,1746393747417,495.77,0
67cb01a82dda2577eb6ee320,reading-task-tabular-2,json,quiz2,1746393754153,1746393828160,74.007,0
67cb01a82dda2577eb6ee320,reading-task-tabular-3,json,4,1746393832918,1746393923306,90.388,0
67cb01a82dda2577eb6ee320,reading-task-tabular-4,json,Bob,1746393926865,1746393990801,63.936,0
67cb01a82dda2577eb6ee320,reading-task-tabular-5,json,"['Alice', 'Bob']",1746393995040,1746394121316,126.276,0
67e17bac09359e09118892b4,reading-task-tabular-1,json5,87,1746146633576,1746146734366,100.79,0
67e17bac09359e09118892b4,reading-task-tabular-2,json5,quiz2,1746146741191,1746146814500,73.309,0
67e17bac09359e09118892b4,reading-task-tabular-3,json5,4,1746146818224,1746146893411,75.187,0
67e17bac09359e09118892b4,reading-task-tabular-4,json5,Bob,1746146900790,1746147118971,218.181,0
67e17bac09359e09118892b4,reading-task-tabular-5,json5,['Alice'],1746147124366,1746147238344,113.978,0
6606b31155457e4f162ecf5a,reading-task-tabular-1,json5,87,1746548022118,1746548127736,105.618,1
6606b31155457e4f162ecf5a,reading-task-tabular-2,json5,quiz2,1746548136636,1746548214606,77.97,0
6606b31155457e4f162ecf5a,reading-task-tabular-3,json5,4,1746548219248,1746548271425,52.177,0
6606b31155457e4f162ecf5a,reading-task-tabular-4,json5,Bob,1746548276594,1746548345711,69.117,0
6606b31155457e4f162ecf5a,reading-task-tabular-5,json5,"['Bob', 'Alice']",1746548353480,1746548441140,87.66,0
63e5b3e89a3823139cb9d35e,reading-task-tabular-1,toml,87,1746550315215,1746550535335,220.12,0
63e5b3e89a3823139cb9d35e,reading-task-tabular-2,toml,quiz2,1746550540823,1746550602199,61.376,0
63e5b3e89a3823139cb9d35e,reading-task-tabular-3,toml,4,1746550606464,1746550703831,97.367,0
63e5b3e89a3823139cb9d35e,reading-task-tabular-4,toml,Bob,1746550706587,1746550752895,46.308,0
63e5b3e89a3823139cb9d35e,reading-task-tabular-5,toml,"['Bob', 'Alice']",1746550756113,1746550870007,113.894,0
66bb6b7e0ccbed81f3ed30a8,reading-task-tabular-1,xml,87,1746383853607,1746384104098,250.491,3
66bb6b7e0ccbed81f3ed30a8,reading-task-tabular-2,xml,quiz2,1746384110847,1746384183234,72.387,0
66bb6b7e0ccbed81f3ed30a8,reading-task-tabular-3,xml,2,1746384190836,1746384224954,34.118,0
66bb6b7e0ccbed81f3ed30a8,reading-task-tabular-4,xml,Bob,1746384229451,1746384264442,34.991,0
66bb6b7e0ccbed81f3ed30a8,reading-task-tabular-5,xml,"['Bob', 'Alice', 'Eve']",1746384272578,1746384343634,71.056,0
6753746b1f8827e2bd586bf0,reading-task-tabular-1,xml,77,1746384045729,1746384063288,17.559,0
6753746b1f8827e2bd586bf0,reading-task-tabular-2,xml,quiz2,1746384071007,1746384118014,47.007,0
6753746b1f8827e2bd586bf0,reading-task-tabular-3,xml,5,1746384123822,1746384257399,133.577,0
6753746b1f8827e2bd586bf0,reading-task-tabular-4,xml,Bob,1746384265515,1746384328913,63.398,0
6753746b1f8827e2bd586bf0,reading-task-tabular-5,xml,"['Bob', 'Eve', 'Alice']",1746384335476,1746384425791,90.315,0
67cd944859dabbd1d4552d39,reading-task-tabular-1,json,87,1746384710770,1746384819340,108.57,0
67cd944859dabbd1d4552d39,reading-task-tabular-2,json,quiz2,1746384829000,1746384937325,108.325,0
67cd944859dabbd1d4552d39,reading-task-tabular-3,json,4,1746384945703,1746385020309,74.606,0
67cd944859dabbd1d4552d39,reading-task-tabular-4,json,Bob,1746385027027,1746385096893,69.866,0
67cd944859dabbd1d4552d39,reading-task-tabular-5,json,"['Bob', 'Alice']",1746385100652,1746385164456,63.804,0
57c357770e6a1f00015f6038,reading-task-tabular-1,json,87,1746384102976,1746384131584,28.608,0
57c357770e6a1f00015f6038,reading-task-tabular-2,json,quiz2,1746384139355,1746384176866,37.511,0
57c357770e6a1f00015f6038,reading-task-tabular-3,json,4,1746384180312,1746384192266,11.954,0
57c357770e6a1f00015f6038,reading-task-tabular-4,json,Bob,1746384196305,1746384216267,19.962,0
57c357770e6a1f00015f6038,reading-task-tabular-5,json,"['Bob', 'Alice']",1746384220775,1746384242417,21.642,0
67d188bcc201cc08eac23f92,reading-task-tabular-1,json5,87,1746145742216,1746145794007,51.791,0
67d188bcc201cc08eac23f92,reading-task-tabular-2,json5,quiz2,1746145802137,1746145871475,69.338,0
67d188bcc201cc08eac23f92,reading-task-tabular-3,json5,5,1746145880309,1746146052283,171.974,0
67d188bcc201cc08eac23f92,reading-task-tabular-4,json5,Bob,1746146059200,1746146110067,50.867,0
67d188bcc201cc08eac23f92,reading-task-tabular-5,json5,['Alice'],1746146120927,1746146179382,58.455,0
67f3619e16d4ca195fbd1bd0,reading-task-tabular-1,yaml,87,1746160157117,1746160289540,132.423,0
67f3619e16d4ca195fbd1bd0,reading-task-tabular-2,yaml,quiz2,1746160300092,1746160356437,56.345,0
67f3619e16d4ca195fbd1bd0,reading-task-tabular-3,yaml,2,1746160360953,1746160434849,73.896,0
67f3619e16d4ca195fbd1bd0,reading-task-tabular-4,yaml,Bob,1746160441726,1746160655363,213.637,0
67f3619e16d4ca195fbd1bd0,reading-task-tabular-5,yaml,"['Bob', 'Alice']",1746160660768,1746160788346,127.578,0
66781db404eab5e142f849d9,reading-task-tabular-1,jsonc,77,1746497712786,1746497839704,126.918,0
66781db404eab5e142f849d9,reading-task-tabular-2,jsonc,quiz2,1746497874153,1746498020342,146.189,0
66781db404eab5e142f849d9,reading-task-tabular-3,jsonc,4,1746498028506,1746498061279,32.773,0
66781db404eab5e142f849d9,reading-task-tabular-4,jsonc,Eve,1746498070391,1746498112975,42.584,0
66781db404eab5e142f849d9,reading-task-tabular-5,jsonc,"['Alice', 'Bob']",1746498120884,1746498252513,131.629,0
667c2175b570aa694ce2f63c,reading-task-tabular-1,toml,87,1746394920814,1746395033934,113.12,0
667c2175b570aa694ce2f63c,reading-task-tabular-2,toml,quiz2,1746395046627,1746395106812,60.185,0
667c2175b570aa694ce2f63c,reading-task-tabular-3,toml,4,1746395113386,1746395144076,30.69,0
667c2175b570aa694ce2f63c,reading-task-tabular-4,toml,Bob,1746395148620,1746395194493,45.873,0
667c2175b570aa694ce2f63c,reading-task-tabular-5,toml,"['Alice', 'Bob']",1746395197894,1746395304347,106.453,0
67d1283c8f6169900d0072d2,reading-task-tabular-1,yaml,87,1745934693291,1745934806121,112.83,0
67d1283c8f6169900d0072d2,reading-task-tabular-2,yaml,quiz1,1745934819964,1745934923698,103.734,0
67d1283c8f6169900d0072d2,reading-task-tabular-3,yaml,3,1745934942311,1745935037871,95.56,0
67d1283c8f6169900d0072d2,reading-task-tabular-4,yaml,Bob,1745935051644,1745935116345,64.701,0
67d1283c8f6169900d0072d2,reading-task-tabular-5,yaml,"['Bob', 'Alice']",1745935123546,1745935153981,30.435,0
5f29eff59714081a3594a331,reading-task-tabular-1,json,87,1746144355402,1746144512808,157.406,0
5f29eff59714081a3594a331,reading-task-tabular-2,json,quiz2,1746144525559,1746144718836,193.277,0
5f29eff59714081a3594a331,reading-task-tabular-3,json,4,1746144724844,1746144759412,34.568,0
5f29eff59714081a3594a331,reading-task-tabular-4,json,Bob,1746144765103,1746144827052,61.949,0
5f29eff59714081a3594a331,reading-task-tabular-5,json,"['Bob', 'Alice']",1746144839532,1746144987841,148.309,0
65be552ceed6a0595fa1feb5,reading-task-tabular-1,json,87,1746384252122,1746384271576,19.454,0
65be552ceed6a0595fa1feb5,reading-task-tabular-2,json,quiz2,1746384280191,1746384313710,33.519,0
65be552ceed6a0595fa1feb5,reading-task-tabular-3,json,3,1746384319515,1746384350603,31.088,0
65be552ceed6a0595fa1feb5,reading-task-tabular-4,json,Bob,1746384371639,1746384415788,44.149,0
65be552ceed6a0595fa1feb5,reading-task-tabular-5,json,['Bob'],1746384422185,1746384457658,35.473,0
6577a27da9f5297d49f38e6f,reading-task-tabular-1,hjson,87,1746156760819,1746156974477,213.658,1
6577a27da9f5297d49f38e6f,reading-task-tabular-2,hjson,quiz2,1746156984194,1746157067564,83.37,0
6577a27da9f5297d49f38e6f,reading-task-tabular-3,hjson,4,1746157072051,1746157102167,30.116,0
6577a27da9f5297d49f38e6f,reading-task-tabular-4,hjson,Bob,1746157105603,1746157124485,18.882,0
6577a27da9f5297d49f38e6f,reading-task-tabular-5,hjson,"['Bob', 'Alice', 'Eve']",1746157129966,1746157178005,48.039,0
67eefd0739d752c54dd52686,reading-task-tabular-1,toml,77,1746149745342,1746149824059,78.717,0
67eefd0739d752c54dd52686,reading-task-tabular-2,toml,quiz2,1746149833623,1746149978199,144.576,0
67eefd0739d752c54dd52686,reading-task-tabular-3,toml,3,1746149982857,1746150033294,50.437,0
67eefd0739d752c54dd52686,reading-task-tabular-4,toml,Bob,1746150038893,1746150165086,126.193,0
67eefd0739d752c54dd52686,reading-task-tabular-5,toml,"['Alice', 'Bob']",1746150170324,1746150247754,77.43,0
67e12acb51605ac16c227598,reading-task-tabular-1,jsonc,87,1746144852111,1746144911376,59.265,0
67e12acb51605ac16c227598,reading-task-tabular-2,jsonc,quiz2,1746144919406,1746145046504,127.098,0
67e12acb51605ac16c227598,reading-task-tabular-3,jsonc,2,1746145051683,1746145107098,55.415,0
67e12acb51605ac16c227598,reading-task-tabular-4,jsonc,Bob,1746145111961,1746145163573,51.612,0
67e12acb51605ac16c227598,reading-task-tabular-5,jsonc,"['Bob', 'Alice', 'Eve']",1746145170877,1746145231864,60.987,0
67d9788747176969d8d0fa1d,reading-task-tabular-1,hjson,87,1746385271587,1746385405593,134.006,0
67d9788747176969d8d0fa1d,reading-task-tabular-2,hjson,quiz2,1746385422195,1746385555841,133.646,0
67d9788747176969d8d0fa1d,reading-task-tabular-3,hjson,4,1746385566696,1746385734644,167.948,0
67d9788747176969d8d0fa1d,reading-task-tabular-4,hjson,Bob,1746385743852,1746385824883,81.031,0
67d9788747176969d8d0fa1d,reading-task-tabular-5,hjson,['Alice'],1746385831447,1746385907893,76.446,0
669a84e18da4349ece0ea67c,reading-task-tabular-1,xml,77,1746529471302,1746529588981,117.679,0
669a84e18da4349ece0ea67c,reading-task-tabular-2,xml,quiz2,1746529596411,1746529651039,54.628,0
669a84e18da4349ece0ea67c,reading-task-tabular-3,xml,3,1746529674770,1746529747276,72.506,0
669a84e18da4349ece0ea67c,reading-task-tabular-4,xml,Bob,1746529755234,1746529786650,31.416,0
669a84e18da4349ece0ea67c,reading-task-tabular-5,xml,"['Bob', 'Eve', 'Alice']",1746529791093,1746529907841,116.748,0
67d548b5aa5737666a77a6d2,reading-task-tabular-1,json5,77,1746146719823,1746146954422,234.599,0
67d548b5aa5737666a77a6d2,reading-task-tabular-2,json5,quiz2,1746146980505,1746147076420,95.915,0
67d548b5aa5737666a77a6d2,reading-task-tabular-3,json5,2,1746147085112,1746147209834,124.722,0
67d548b5aa5737666a77a6d2,reading-task-tabular-4,json5,Alice,1746147216246,1746147329501,113.255,0
67d548b5aa5737666a77a6d2,reading-task-tabular-5,json5,['Eve'],1746147334851,1746147457358,122.507,0
67ab57e88fd0774428bd1f32,reading-task-tabular-1,xml,87,1746148297294,1746148363979,66.685,0
67ab57e88fd0774428bd1f32,reading-task-tabular-2,xml,quiz2,1746148377530,1746148477383,99.853,0
67ab57e88fd0774428bd1f32,reading-task-tabular-3,xml,4,1746148486238,1746148596490,110.252,0
67ab57e88fd0774428bd1f32,reading-task-tabular-4,xml,Bob,1746148605308,1746148746362,141.054,0
67ab57e88fd0774428bd1f32,reading-task-tabular-5,xml,['Eve'],1746148753504,1746148874792,121.288,0
667983594f7d5d70a78c6e5a,reading-task-tabular-1,json,87,1746144988411,1746145380401,391.99,0
667983594f7d5d70a78c6e5a,reading-task-tabular-2,json,quiz2,1746145386401,1746145490431,104.03,0
667983594f7d5d70a78c6e5a,reading-task-tabular-3,json,4,1746145496880,1746145529169,32.289,0
667983594f7d5d70a78c6e5a,reading-task-tabular-4,json,Bob,1746145533744,1746145575584,41.84,0
667983594f7d5d70a78c6e5a,reading-task-tabular-5,json,"['Bob', 'Alice']",1746145578827,1746145678509,99.682,0
67f913a9b5c79e960807c7e3,reading-task-tabular-1,yaml,87,1745932672556,1745932773309,100.753,0
67f913a9b5c79e960807c7e3,reading-task-tabular-2,yaml,quiz2,1745932781232,1745932864532,83.3,0
67f913a9b5c79e960807c7e3,reading-task-tabular-3,yaml,2,1745932868709,1745932975202,106.493,0
67f913a9b5c79e960807c7e3,reading-task-tabular-4,yaml,Bob,1745932983660,1745933067354,83.694,0
67f913a9b5c79e960807c7e3,reading-task-tabular-5,yaml,"['Bob', 'Alice']",1745933076419,1745933234189,157.77,0
672003022f1b667a20157c45,reading-task-tabular-1,yaml,8,1745929167074,1745929208937,41.863,0
672003022f1b667a20157c45,reading-task-tabular-2,yaml,quiz1,1745929222116,1745929290648,68.532,0
672003022f1b667a20157c45,reading-task-tabular-3,yaml,4,1745929295270,1745929330780,35.51,0
672003022f1b667a20157c45,reading-task-tabular-4,yaml,Bob,1745929333569,1745929401492,67.923,0
672003022f1b667a20157c45,reading-task-tabular-5,yaml,['Eve'],1745929404913,1745929435876,30.963,0
671b65fe04c301eb14263ba5,reading-task-tabular-1,toml,87,1746146401064,1746146463982,62.918,0
671b65fe04c301eb14263ba5,reading-task-tabular-2,toml,quiz2,1746146472230,1746146549850,77.62,0
671b65fe04c301eb14263ba5,reading-task-tabular-3,toml,4,1746146556844,1746146599871,43.027,0
671b65fe04c301eb14263ba5,reading-task-tabular-4,toml,Bob,1746146608529,1746146640500,31.971,0
671b65fe04c301eb14263ba5,reading-task-tabular-5,toml,"['Bob', 'Alice']",1746146646458,1746146706637,60.179,0
6787d648d7b1963c661f9443,reading-task-tabular-1,json5,87,1746153397651,1746153405504,7.853,0
6787d648d7b1963c661f9443,reading-task-tabular-2,json5,quiz2,1746153411043,1746153417398,6.355,0
6787d648d7b1963c661f9443,reading-task-tabular-3,json5,4,1746153421752,1746153431201,9.449,0
6787d648d7b1963c661f9443,reading-task-tabular-4,json5,Eve,1746153436725,1746153478590,41.865,0
6787d648d7b1963c661f9443,reading-task-tabular-5,json5,['Alice'],1746153485625,1746153492356,6.731,0
66a9285501ac98053902d481,reading-task-tabular-1,toml,87,1746383732259,1746383777847,45.588,0
66a9285501ac98053902d481,reading-task-tabular-2,toml,quiz2,1746383781884,1746383815195,33.311,0
66a9285501ac98053902d481,reading-task-tabular-3,toml,4,1746383818522,1746383838810,20.288,0
66a9285501ac98053902d481,reading-task-tabular-4,toml,Bob,1746383842386,1746383865222,22.836,0
66a9285501ac98053902d481,reading-task-tabular-5,toml,"['Alice', 'Bob']",1746383867563,1746383951151,83.588,0
66a662a0a709312db9de01f2,reading-task-tabular-1,jsonc,87,1746156649221,1746156718660,69.439,0
66a662a0a709312db9de01f2,reading-task-tabular-2,jsonc,quiz2,1746156729907,1746156830729,100.822,0
66a662a0a709312db9de01f2,reading-task-tabular-3,jsonc,4,1746156839233,1746156899583,60.35,0
66a662a0a709312db9de01f2,reading-task-tabular-4,jsonc,Bob,1746156909738,1746156991444,81.706,0
66a662a0a709312db9de01f2,reading-task-tabular-5,jsonc,['Bob'],1746156999939,1746157036291,36.352,0
66b246951b9aefec80b7158a,reading-task-tabular-1,json,87,1746231082574,1746231154445,71.871,0
66b246951b9aefec80b7158a,reading-task-tabular-2,json,quiz2,1746231165725,1746231193274,27.549,0
66b246951b9aefec80b7158a,reading-task-tabular-3,json,4,1746231200375,1746231222913,22.538,0
66b246951b9aefec80b7158a,reading-task-tabular-4,json,Bob,1746231230875,1746231257347,26.472,0
66b246951b9aefec80b7158a,reading-task-tabular-5,json,"['Bob', 'Alice']",1746231263535,1746231327286,63.751,0
5d766978f47e6200019a2acf,reading-task-tabular-1,yaml,87,1745929617935,1745929684868,66.933,0
5d766978f47e6200019a2acf,reading-task-tabular-2,yaml,quiz2,1745929690355,1745929740526,50.171,0
5d766978f47e6200019a2acf,reading-task-tabular-3,yaml,4,1745929745458,1745929793964,48.506,0
5d766978f47e6200019a2acf,reading-task-tabular-4,yaml,Bob,1745929798249,1745929842782,44.533,0
5d766978f47e6200019a2acf,reading-task-tabular-5,yaml,"['Bob', 'Alice']",1745929846085,1745929970363,124.278,0
677d32c679491be18090225b,reading-task-tabular-1,xml,87,1746488473200,1746488555242,82.042,0
677d32c679491be18090225b,reading-task-tabular-2,xml,quiz2,1746488562176,1746488667787,105.611,0
677d32c679491be18090225b,reading-task-tabular-3,xml,5,1746488675224,1746488708765,33.541,0
677d32c679491be18090225b,reading-task-tabular-4,xml,Eve,1746488716526,1746488788222,71.696,0
677d32c679491be18090225b,reading-task-tabular-5,xml,['Alice'],1746488793101,1746488874606,81.505,0
67d163e7b7bcc1e9718e01da,reading-task-tabular-1,json5,87,1745930603886,1745930625099,21.213,0
67d163e7b7bcc1e9718e01da,reading-task-tabular-2,json5,quiz1,1745930635594,1745930870657,235.063,0
67d163e7b7bcc1e9718e01da,reading-task-tabular-3,json5,2,1745930882267,1745931002902,120.635,0
67d163e7b7bcc1e9718e01da,reading-task-tabular-4,json5,Bob,1745931016600,1745931214358,197.758,0
67d163e7b7bcc1e9718e01da,reading-task-tabular-5,json5,"['Bob', 'Alice']",1745931247009,1745931440424,193.415,0
665c5d94303fdf202ac9ded0,reading-task-tabular-1,toml,77,1747339776523,1747339805141,28.618,0
665c5d94303fdf202ac9ded0,reading-task-tabular-2,toml,quiz2,1747339817378,1747339864240,46.862,0
665c5d94303fdf202ac9ded0,reading-task-tabular-3,toml,4,1747339868989,1747339886576,17.587,0
665c5d94303fdf202ac9ded0,reading-task-tabular-4,toml,Bob,1747339890110,1747339917064,26.954,0
665c5d94303fdf202ac9ded0,reading-task-tabular-5,toml,"['Bob', 'Alice', 'Eve']",1747339920397,1747340022997,102.6,0
67ab650c320eccf6141d4010,reading-task-tabular-1,jsonc,8,1746145309474,1746145418397,108.923,0
67ab650c320eccf6141d4010,reading-task-tabular-2,jsonc,quiz2,1746145434204,1746145526162,91.958,0
67ab650c320eccf6141d4010,reading-task-tabular-3,jsonc,2,1746145533913,1746145717396,183.483,0
67ab650c320eccf6141d4010,reading-task-tabular-4,jsonc,Alice,1746145726730,1746145875053,148.323,0
67ab650c320eccf6141d4010,reading-task-tabular-5,jsonc,['Alice'],1746145884493,1746146017741,133.248,0
65fad673a546ab14baf2f8d3,reading-task-tabular-1,json5,87,1745929877289,1745930211251,333.962,0
65fad673a546ab14baf2f8d3,reading-task-tabular-2,json5,quiz2,1745930221729,1745930262678,40.949,0
65fad673a546ab14baf2f8d3,reading-task-tabular-3,json5,4,1745930269416,1745930297421,28.005,0
65fad673a546ab14baf2f8d3,reading-task-tabular-4,json5,Bob,1745930305687,1745930353694,48.007,0
65fad673a546ab14baf2f8d3,reading-task-tabular-5,json5,"['Bob', 'Alice']",1745930359972,1745930421104,61.132,0
67f1c7bd6f1c4a3d8deae02f,reading-task-tabular-1,toml,87,1746144428166,1746144591063,162.897,0
67f1c7bd6f1c4a3d8deae02f,reading-task-tabular-2,toml,quiz2,1746144604600,1746144676076,71.476,0
67f1c7bd6f1c4a3d8deae02f,reading-task-tabular-3,toml,4,1746144684715,1746144902850,218.135,0
67f1c7bd6f1c4a3d8deae02f,reading-task-tabular-4,toml,Bob,1746144909111,1746144963206,54.095,0
67f1c7bd6f1c4a3d8deae02f,reading-task-tabular-5,toml,"['Bob', 'Alice']",1746144973027,1746145043861,70.834,0
67adb27bd5f5776fcb16da62,reading-task-tabular-1,hjson,87,1746145448981,1746145614988,166.007,0
67adb27bd5f5776fcb16da62,reading-task-tabular-2,hjson,quiz2,1746145624754,1746145764677,139.923,0
67adb27bd5f5776fcb16da62,reading-task-tabular-3,hjson,2,1746145776381,1746145870798,94.417,0
67adb27bd5f5776fcb16da62,reading-task-tabular-4,hjson,Bob,1746145879603,1746145964893,85.29,0
67adb27bd5f5776fcb16da62,reading-task-tabular-5,hjson,"['Bob', 'Alice']",1746145973796,1746146228465,254.669,1
6675c40cdc52b37294f0514e,reading-task-tabular-1,hjson,87,1746233727732,1746233901525,173.793,0
6675c40cdc52b37294f0514e,reading-task-tabular-2,hjson,quiz2,1746233907262,1746233960037,52.775,0
6675c40cdc52b37294f0514e,reading-task-tabular-3,hjson,4,1746233966788,1746233995855,29.067,0
6675c40cdc52b37294f0514e,reading-task-tabular-4,hjson,Bob,1746234000908,1746234202457,201.549,0
6675c40cdc52b37294f0514e,reading-task-tabular-5,hjson,['Alice'],1746234212423,1746234418629,206.206,0
