participantId,format,startTime,endTime,duration_sec,mental-demand,physical-demand,temporal-demand,performance,effort,frustration,task
56cb8858edf8da000b6df354,hjson,1746392601041,1746392648555,47.514,30,40,20,10,50,20,nasaltx
57c357770e6a1f00015f6038,json,1746385108000,1746385128866,20.866,100,90,99,74,92,86,nasaltx
5b68c9eb87af310001584803,json5,1746384720007,1746384734537,14.53,95,90,90,36,92,70,nasaltx
5c6414540821d30001046198,hjson,1747344100433,1747344133058,32.625,98,9,86,83,98,85,nasaltx
5d30dfa68b1523000134878f,json,1745931232960,1745931258924,25.964,96,5,79,20,95,87,nasaltx
5d766978f47e6200019a2acf,yaml,1745932030455,1745932106320,75.865,85,20,20,20,75,30,nasaltx
5dafea4de40355001651fa2f,jsonc,1745930961384,1745930990221,28.837,87,50,54,36,76,53,nasaltx
5e3b5fa9255e7a37bc841135,json,1746393658731,1746393756341,97.61,90,20,95,90,90,40,nasaltx
5e8a5a892f6f027054a83d88,toml,1746386302840,1746386338874,36.034,85,0,0,85,90,35,nasaltx
5ecc71c95c92c2000a9e9a19,jsonc,1746233273232,1746233314019,40.787,95,0,80,30,95,65,nasaltx
5f29eff59714081a3594a331,json,1746146787159,1746146822031,34.872,95,75,85,15,95,55,nasaltx
60721c2da01b3a616edba9a7,xml,1745933256835,1745933280650,23.815,100,100,100,60,100,100,nasaltx
607728dc0b4f8590b94ae57c,jsonc,1746386711769,1746386728415,16.646,70,2,80,80,98,38,nasaltx
60a0b744298c64d46b63e893,hjson,1746523135760,1746523168692,32.932,90,75,10,85,100,40,nasaltx
60f1f1d4ac991a259b83f603,json,1746233273880,1746233333421,59.541,100,100,0,100,100,0,nasaltx
60fce3df91350150e2e88423,yaml,1744921895472,1744921925929,30.457,81,50,70,15,88,70,nasaltx
61267b828ead584bcf092e35,hjson,1746237174120,1746237213142,39.022,100,97,99,14,100,82,nasaltx
615200d54efc832849db2259,json,1746388107336,1746388140072,32.736,95,55,65,90,100,80,nasaltx
62fd14d7b1e0729dc8aadb79,xml,1746489655733,1746489683416,27.683,80,10,55,35,65,50,nasaltx
637d8ca00150ac6e71a34ec9,yaml,1746147231340,1746147263769,32.429,100,0,75,25,99,85,nasaltx
63e5b3e89a3823139cb9d35e,toml,1746552061120,1746552137715,76.595,100,20,51,80,100,10,nasaltx
64275e53f51a5ed4f6b7d019,toml,1746145725185,1746145758660,33.475,100,10,0,90,90,0,nasaltx
64457bc906c125cebd4bf66b,json5,1746562427809,1746562451027,23.218,93,11,55,10,75,94,nasaltx
6501c0a2e788b5556c24569d,xml,1746527794713,1746527852233,57.52,65,10,15,15,76,34,nasaltx
6577a27da9f5297d49f38e6f,hjson,1746159445574,1746159508460,62.886,87,35,25,75,85,40,nasaltx
65be552ceed6a0595fa1feb5,json,1746385531821,1746385565631,33.81,99,91,85,5,100,97,nasaltx
65cf6d8a589a67afcab54e6f,hjson,1746385314628,1746385354151,39.523,5,5,0,0,0,0,nasaltx
65fad673a546ab14baf2f8d3,json5,1745932106163,1745932137658,31.495,85,80,85,80,85,75,nasaltx
66049694dfb8828a8f3dce70,yaml,1745931234875,1745931297647,62.772,100,55,70,20,95,20,nasaltx
6606b31155457e4f162ecf5a,json5,1746549863416,1746549897976,34.56,100,100,90,100,100,75,nasaltx
66475d6f7b27e4443ef0d031,json,1744922061933,1744922093089,31.156,99,3,58,22,67,46,nasaltx
665c5d94303fdf202ac9ded0,toml,1747340695496,1747340717875,22.379,45,15,10,65,70,40,nasaltx
6672d878f68b9e349b56e871,toml,1746146266826,1746146298458,31.632,98,98,97,98,99,99,nasaltx
6675c40cdc52b37294f0514e,hjson,1746235945130,1746235958400,13.27,82,86,39,66,96,68,nasaltx
66781db404eab5e142f849d9,jsonc,1746500536794,1746500577162,40.368,80,47,65,78,78,48,nasaltx
667971a555af1f83d3f29ae7,hjson,1746496305145,1746496346448,41.303,80,40,60,20,70,60,nasaltx
667983594f7d5d70a78c6e5a,json,1746147970496,1746148015231,44.735,100,100,100,55,98,56,nasaltx
667ac09492ea0caadf488520,json,1746491139098,1746491167698,28.6,98,95,52,50,96,65,nasaltx
667c18ace97ab6869cb1c50e,hjson,1746386862071,1746386887474,25.403,89,10,65,55,86,5,nasaltx
667c2175b570aa694ce2f63c,toml,1746396444068,1746396487978,43.91,90,90,25,20,89,65,nasaltx
6697c8b6d9d7baa7edd8c4d3,hjson,1745933947314,1745933980430,33.116,90,20,50,55,50,75,nasaltx
66992f58a7964f557fc75f58,toml,1744924482955,1744924492605,9.65,99,98,98,97,97,35,nasaltx
669a84e18da4349ece0ea67c,xml,1746531209853,1746531298992,89.139,100,30,100,0,100,35,nasaltx
669b961e1c9cf30a26bb57d2,xml,1746233104176,1746233137806,33.63,100,96,100,65,100,86,nasaltx
66a662a0a709312db9de01f2,jsonc,1746157842690,1746157869581,26.891,99,99,99,100,98,97,nasaltx
66a9285501ac98053902d481,toml,1746385168703,1746385192381,23.678,81,10,10,75,100,40,nasaltx
66b0d065329001a04e5ae671,json,1746526238335,1746526266920,28.585,81,71,88,66,78,32,nasaltx
66b246951b9aefec80b7158a,json,1746232500825,1746232575197,74.372,95,75,15,60,80,25,nasaltx
66bb6b7e0ccbed81f3ed30a8,xml,1746385638807,1746385660210,21.403,92,1,98,3,94,65,nasaltx
66cdfebcb908ea2717d06b6c,hjson,1746145397863,1746145485836,87.973,56,77,67,85,89,81,nasaltx
671a519900a99ebc15a67672,yaml,1746394537103,1746394580366,43.263,100,50,95,85,100,69,nasaltx
671b65fe04c301eb14263ba5,toml,1746148271985,1746148313385,41.4,95,80,90,79,95,71,nasaltx
672003022f1b667a20157c45,yaml,1745930215601,1745930235964,20.363,60,5,16,95,55,5,nasaltx
672ca6c0324ac26cdc0dd298,json5,1746524803248,1746524835741,32.493,98,51,100,20,99,99,nasaltx
672d98919cc177d28c204e76,json5,1744923363361,1744923419462,56.101,95,54,96,65,95,90,nasaltx
6734346ca8e90c2da6fb4509,jsonc,1747337088449,1747337142953,54.504,85,0,30,5,70,10,nasaltx
673c13c9d37c8a73bc80b8ce,json,1746147993310,1746148059935,66.625,90,44,75,20,80,45,nasaltx
673d0377254c407e5da57f97,toml,1746386389138,1746386432361,43.223,78,10,64,95,97,5,nasaltx
673e43cc760355e9e4f042a3,json5,1746564843676,1746564871741,28.065,100,100,100,75,100,10,nasaltx
6740ae39809389d7da9de209,xml,1746147181835,1746147283793,101.958,95,95,95,21,96,79,nasaltx
6753746b1f8827e2bd586bf0,xml,1746385658428,1746385689398,30.97,100,1,10,25,85,94,nasaltx
677c52fe648cd68583dd3b1e,xml,1746147706905,1746147740979,34.074,100,70,70,30,100,80,nasaltx
677d185800ab83d1b0185d82,jsonc,1746151584679,1746151610726,26.047,91,65,60,72,70,69,nasaltx
677d32c679491be18090225b,xml,1746490188830,1746490235605,46.775,46,25,16,54,39,8,nasaltx
6784ff2095dd9b97e969b01f,jsonc,1746392451848,1746392482189,30.341,85,70,70,80,80,65,nasaltx
6787d648d7b1963c661f9443,json5,1746156075238,1746156090671,15.433,95,48,84,100,63,83,nasaltx
6787e4bd2bf9557a90208f03,yaml,1746389028035,1746389118776,90.741,80,85,50,20,90,35,nasaltx
6788c1c724c24dc56b08790a,json5,1746531069193,1746531117589,48.396,100,100,85,1,99,25,nasaltx
678bad003d15e6aba1ee5a5d,jsonc,1746387368411,1746387432196,63.785,55,65,50,17,62,20,nasaltx
678f0bb28ec3307e4f1afb78,hjson,1746147104552,1746147150154,45.602,90,5,16,80,75,20,nasaltx
67a754a5c8614c52a939d87b,hjson,1746153155384,1746153185702,30.318,60,45,44,74,75,83,nasaltx
67ab214c2cde1be7c45535ac,jsonc,1745934223410,1745934250743,27.333,100,85,100,50,95,100,nasaltx
67ab57e88fd0774428bd1f32,xml,1746151276059,1746151298333,22.274,85,66,98,64,80,84,nasaltx
67ab650c320eccf6141d4010,jsonc,1746147500734,1746147519483,18.749,65,61,59,57,60,62,nasaltx
67adb27bd5f5776fcb16da62,hjson,1746147510098,1746147559334,49.236,85,75,85,60,80,55,nasaltx
67adb520391eb17f214a50b4,yaml,1746147279348,1746147359405,80.057,96,52,64,81,83,5,nasaltx
67aee0dfad3492b61a9ba0eb,jsonc,1746151949750,1746151992000,42.25,99,55,80,5,94,15,nasaltx
67bf88cc763aae600b429a3e,toml,1746152406270,1746152431331,25.061,93,9,74,75,79,34,nasaltx
67c246023b44ca64d40ae45a,json5,1745941947361,1745941974709,27.348,100,100,95,75,100,100,nasaltx
67cb01a82dda2577eb6ee320,json,1746397122343,1746397187292,64.949,77,73,60,85,65,58,nasaltx
67cd944859dabbd1d4552d39,json,1746386698534,1746386808971,110.437,95,75,75,10,100,75,nasaltx
67d00f24466a67ba7e41228e,toml,1745933364792,1745933382986,18.194,79,77,63,18,98,75,nasaltx
67d1283c8f6169900d0072d2,yaml,1745936292844,1745936342488,49.644,97,97,97,95,90,94,nasaltx
67d163e7b7bcc1e9718e01da,json5,1745935115871,1745935228325,112.454,60,45,38,61,32,42,nasaltx
67d188bcc201cc08eac23f92,json5,1746147784372,1746147818041,33.669,100,100,100,90,85,54,nasaltx
67d29234dbfdb6668d124115,yaml,1746151499727,1746151547289,47.562,100,100,70,50,100,90,nasaltx
67d548b5aa5737666a77a6d2,json5,1746149322392,1746149428547,106.155,70,70,80,10,95,30,nasaltx
67d7fa657f5ac0292a291a38,hjson,1746146722307,1746146778497,56.19,90,45,40,0,100,0,nasaltx
67d95269b47464c18da766ca,xml,1746152697982,1746152729760,31.778,80,60,65,56,84,50,nasaltx
67d9788747176969d8d0fa1d,hjson,1746388706764,1746388754489,47.725,64,69,71,26,27,43,nasaltx
67dc19c31078d1581e39e75a,yaml,1746146093438,1746146140217,46.779,65,54,40,5,75,50,nasaltx
67debe02a893eea51e8d02f2,json,1745931821952,1745931865591,43.639,95,50,100,60,100,86,nasaltx
67e12acb51605ac16c227598,jsonc,1746148184526,1746148213953,29.427,90,99,85,95,95,60,nasaltx
67e17bac09359e09118892b4,json5,1746148284878,1746148340364,55.486,78,72,44,9,100,3,nasaltx
67e25388d573ec2d5f1c8442,yaml,1746148170240,1746148206380,36.14,90,100,70,0,95,5,nasaltx
67e4920c40c9561040ca01d0,xml,1745931493391,1745931575335,81.944,90,55,45,45,70,80,nasaltx
67e571bef6af7ecd9c29ad72,json,1746148092234,1746148128008,35.774,100,100,100,10,100,90,nasaltx
67e5cf90b79d0874e1cf16b0,toml,1746147492250,1746147510048,17.798,97,90,92,78,99,61,nasaltx
67eefd0739d752c54dd52686,toml,1746151099886,1746151130646,30.76,99,90,79,90,99,48,nasaltx
67eff2b1a264260e948a4d14,xml,1746392755086,1746392795922,40.836,100,100,100,4,99,60,nasaltx
67f0c5d37f91ceae5cb3b318,jsonc,1746146104413,1746146139075,34.662,99,100,98,6,100,21,nasaltx
67f184a3b82990251abd1592,yaml,1746387679772,1746387705335,25.563,86,60,80,70,95,90,nasaltx
67f1a4f8dd44e7cd5adffa29,json5,1746390274587,1746390313075,38.488,95,90,85,90,100,60,nasaltx
67f1c7bd6f1c4a3d8deae02f,toml,1746146632834,1746146718970,86.136,85,60,20,10,100,10,nasaltx
67f3619e16d4ca195fbd1bd0,yaml,1746162884082,1746162948692,64.61,66,65,50,14,55,20,nasaltx
67f5bb69760b211cdfe8021c,jsonc,1746151665791,1746151712316,46.525,79,56,65,15,85,60,nasaltx
67f913a9b5c79e960807c7e3,yaml,1745934847962,1745934890600,42.638,90,20,95,90,100,5,nasaltx
