participantId,format,task_time,total_time,ratio,task
56cb8858edf8da000b6df354,hjson,261.3,1651.244,0.15824432972958571,writing_time/total_time
57c357770e6a1f00015f6038,json,604.521,1920.53,0.3147677984722967,writing_time/total_time
5b68c9eb87af310001584803,json5,280.88,1486.117,0.18900261554103748,writing_time/total_time
5c6414540821d30001046198,hjson,1302.003,4168.25,0.31236202243147604,writing_time/total_time
5d30dfa68b1523000134878f,json,587.347,2678.738,0.21926257812447503,writing_time/total_time
5d766978f47e6200019a2acf,yaml,400.623,3417.491,0.11722722898172958,writing_time/total_time
5dafea4de40355001651fa2f,jsonc,698.467,2162.658,0.32296692311035774,writing_time/total_time
5e3b5fa9255e7a37bc841135,json,946.111,4121.907,0.22953234995355304,writing_time/total_time
5e8a5a892f6f027054a83d88,toml,377.968,3189.455,0.11850551269731037,writing_time/total_time
5ecc71c95c92c2000a9e9a19,jsonc,665.887,2461.487,0.27052224935577557,writing_time/total_time
5f29eff59714081a3594a331,json,965.795,3623.813,0.2665134762748519,writing_time/total_time
60721c2da01b3a616edba9a7,xml,1164.339,4092.242,0.28452349592228415,writing_time/total_time
607728dc0b4f8590b94ae57c,jsonc,570.523,3480.639,0.16391329293270576,writing_time/total_time
60a0b744298c64d46b63e893,hjson,302.459,2087.53,0.14488845669283792,writing_time/total_time
60f1f1d4ac991a259b83f603,json,403.655,2982.562,0.13533834334374273,writing_time/total_time
60fce3df91350150e2e88423,yaml,175.25,1361.757,0.1286940327826477,writing_time/total_time
61267b828ead584bcf092e35,hjson,1637.69,5190.299,0.3155290282891217,writing_time/total_time
615200d54efc832849db2259,json,1204.69,4971.893,0.24230006558870032,writing_time/total_time
62fd14d7b1e0729dc8aadb79,xml,856.524,2235.323,0.38317683842558775,writing_time/total_time
637d8ca00150ac6e71a34ec9,yaml,465.614,4041.965,0.11519496086680611,writing_time/total_time
63e5b3e89a3823139cb9d35e,toml,622.853,2923.981,0.21301540605086008,writing_time/total_time
64275e53f51a5ed4f6b7d019,toml,462.336,2131.614,0.21689480365582137,writing_time/total_time
64457bc906c125cebd4bf66b,json5,250.842,1570.084,0.1597634266701654,writing_time/total_time
6501c0a2e788b5556c24569d,xml,347.447,2328.169,0.1492361594025176,writing_time/total_time
6577a27da9f5297d49f38e6f,hjson,831.986,3985.778,0.20873867034240243,writing_time/total_time
65be552ceed6a0595fa1feb5,json,575.209,2277.969,0.2525095820004574,writing_time/total_time
65cf6d8a589a67afcab54e6f,hjson,295.408,2239.78,0.131891525060497,writing_time/total_time
65fad673a546ab14baf2f8d3,json5,776.307,3510.722,0.22112460058073524,writing_time/total_time
66049694dfb8828a8f3dce70,yaml,377.535,2602.307,0.14507704125608548,writing_time/total_time
6606b31155457e4f162ecf5a,json5,669.997,2743.392,0.24422211627066057,writing_time/total_time
66475d6f7b27e4443ef0d031,json,253.818,1200.992,0.21134029202525914,writing_time/total_time
665c5d94303fdf202ac9ded0,toml,348.213,1477.177,0.23572869060376653,writing_time/total_time
6672d878f68b9e349b56e871,toml,517.205,3088.679,0.167451845918595,writing_time/total_time
6675c40cdc52b37294f0514e,hjson,830.543,4768.52,0.17417207016013353,writing_time/total_time
66781db404eab5e142f849d9,jsonc,1153.745,4883.616,0.23624809976869596,writing_time/total_time
667971a555af1f83d3f29ae7,hjson,305.391,2147.528,0.14220582921386823,writing_time/total_time
667983594f7d5d70a78c6e5a,json,989.794,4764.759,0.20773222738023056,writing_time/total_time
667ac09492ea0caadf488520,json,602.879,3312.795,0.18198500058108033,writing_time/total_time
667c18ace97ab6869cb1c50e,hjson,540.086,3098.527,0.17430411288976988,writing_time/total_time
667c2175b570aa694ce2f63c,toml,550.467,2165.761,0.25416793450431513,writing_time/total_time
6697c8b6d9d7baa7edd8c4d3,hjson,575.654,4695.463,0.1225979205884489,writing_time/total_time
66992f58a7964f557fc75f58,toml,192.396,3651.438,0.05269047427342323,writing_time/total_time
669a84e18da4349ece0ea67c,xml,371.453,2572.392,0.14439984263673655,writing_time/total_time
669b961e1c9cf30a26bb57d2,xml,395.033,2257.298,0.17500259159402085,writing_time/total_time
66a662a0a709312db9de01f2,jsonc,315.627,3435.238,0.09187922350649359,writing_time/total_time
66a9285501ac98053902d481,toml,766.748,2079.495,0.36871836671884284,writing_time/total_time
66b0d065329001a04e5ae671,json,1646.717,5015.806,0.3283055604622667,writing_time/total_time
66b246951b9aefec80b7158a,json,578.215,2706.855,0.2136113681745051,writing_time/total_time
66bb6b7e0ccbed81f3ed30a8,xml,774.695,2305.174,0.3360679063706254,writing_time/total_time
66cdfebcb908ea2717d06b6c,hjson,516.741,2348.011,0.22007605586174853,writing_time/total_time
671a519900a99ebc15a67672,yaml,1839.798,7830.358,0.234957073482464,writing_time/total_time
671b65fe04c301eb14263ba5,toml,691.705,3784.527,0.18277184969218083,writing_time/total_time
672003022f1b667a20157c45,yaml,280.499,1686.646,0.16630579267967316,writing_time/total_time
672ca6c0324ac26cdc0dd298,json5,688.041,2707.869,0.25408947035473284,writing_time/total_time
672d98919cc177d28c204e76,json5,918.773,3007.472,0.305496776029835,writing_time/total_time
6734346ca8e90c2da6fb4509,jsonc,994.838,3065.673,0.32450884357203136,writing_time/total_time
673c13c9d37c8a73bc80b8ce,json,1129.982,3680.906,0.30698474777677015,writing_time/total_time
673d0377254c407e5da57f97,toml,633.778,2549.078,0.24863028906922424,writing_time/total_time
673e43cc760355e9e4f042a3,json5,884.672,4706.093,0.18798438534895082,writing_time/total_time
6740ae39809389d7da9de209,xml,699.77,3857.023,0.18142748954310098,writing_time/total_time
6753746b1f8827e2bd586bf0,xml,482.722,2374.943,0.2032562465709703,writing_time/total_time
677c52fe648cd68583dd3b1e,xml,1454.351,4581.722,0.3174245403802326,writing_time/total_time
677d185800ab83d1b0185d82,jsonc,1234.604,5168.858,0.23885430785678383,writing_time/total_time
677d32c679491be18090225b,xml,542.719,2782.103,0.19507509247500904,writing_time/total_time
6784ff2095dd9b97e969b01f,jsonc,712.663,3695.298,0.19285670600855467,writing_time/total_time
6787d648d7b1963c661f9443,json5,1216.897,2435.983,0.4995506947298072,writing_time/total_time
6787e4bd2bf9557a90208f03,yaml,542.802,3770.024,0.14397839377149854,writing_time/total_time
6788c1c724c24dc56b08790a,json5,765.372,3724.649,0.20548835608402294,writing_time/total_time
678bad003d15e6aba1ee5a5d,jsonc,727.133,3786.57,0.19202946201971705,writing_time/total_time
678f0bb28ec3307e4f1afb78,hjson,878.973,4027.681,0.2182330229231163,writing_time/total_time
67a754a5c8614c52a939d87b,hjson,1120.942,5057.022,0.22166049505024896,writing_time/total_time
67ab214c2cde1be7c45535ac,jsonc,450.984,1696.769,0.26578986296897217,writing_time/total_time
67ab57e88fd0774428bd1f32,xml,1073.175,3509.296,0.3058091993379869,writing_time/total_time
67ab650c320eccf6141d4010,jsonc,1248.261,3356.075,0.3719407343399656,writing_time/total_time
67adb27bd5f5776fcb16da62,hjson,525.821,3737.17,0.14070031601452437,writing_time/total_time
67adb520391eb17f214a50b4,yaml,730.869,3772.203,0.19375123767199168,writing_time/total_time
67aee0dfad3492b61a9ba0eb,jsonc,777.428,3033.772,0.25625788622216833,writing_time/total_time
67bf88cc763aae600b429a3e,toml,430.476,2859.454,0.1505448242916305,writing_time/total_time
67c246023b44ca64d40ae45a,json5,476.665,3617.577,0.13176360862533126,writing_time/total_time
67cb01a82dda2577eb6ee320,json,1040.752,6101.46,0.17057425599774478,writing_time/total_time
67cd944859dabbd1d4552d39,json,787.316,3306.64,0.23810151694771733,writing_time/total_time
67d00f24466a67ba7e41228e,toml,1740.967,4482.184,0.3884193509235676,writing_time/total_time
67d1283c8f6169900d0072d2,yaml,431.688,3943.571,0.10946626800937526,writing_time/total_time
67d163e7b7bcc1e9718e01da,json5,1361.742,6416.125,0.21223744861579225,writing_time/total_time
67d188bcc201cc08eac23f92,json5,710.667,3500.856,0.2029980667585299,writing_time/total_time
67d29234dbfdb6668d124115,yaml,597.759,3115.488,0.19186689212091335,writing_time/total_time
67d548b5aa5737666a77a6d2,json5,1004.476,4507.52,0.22284449098395567,writing_time/total_time
67d7fa657f5ac0292a291a38,hjson,634.74,3083.975,0.20581878906281667,writing_time/total_time
67d95269b47464c18da766ca,xml,1121.444,4616.345,0.24292898386060832,writing_time/total_time
67d9788747176969d8d0fa1d,hjson,877.105,5505.414,0.15931681068853315,writing_time/total_time
67dc19c31078d1581e39e75a,yaml,689.861,2657.605,0.25957996015209184,writing_time/total_time
67debe02a893eea51e8d02f2,json,962.061,2998.99,0.32079500098366454,writing_time/total_time
67e12acb51605ac16c227598,jsonc,1774.562,4441.757,0.3995180285639219,writing_time/total_time
67e17bac09359e09118892b4,json5,397.124,2368.332,0.16768088257896277,writing_time/total_time
67e25388d573ec2d5f1c8442,yaml,537.243,4214.973,0.12746060295048156,writing_time/total_time
67e4920c40c9561040ca01d0,xml,653.979,2942.221,0.22227392163946896,writing_time/total_time
67e571bef6af7ecd9c29ad72,json,536.063,5035.14,0.106464368418753,writing_time/total_time
67e5cf90b79d0874e1cf16b0,toml,717.541,4366.063,0.16434508617947108,writing_time/total_time
67eefd0739d752c54dd52686,toml,309.43,2307.103,0.13412058325961174,writing_time/total_time
67eff2b1a264260e948a4d14,xml,1059.158,4163.089,0.25441637207371737,writing_time/total_time
67f0c5d37f91ceae5cb3b318,jsonc,842.354,2936.373,0.2868688684986546,writing_time/total_time
67f184a3b82990251abd1592,yaml,1146.321,4494.337,0.2550589775533076,writing_time/total_time
67f1a4f8dd44e7cd5adffa29,json5,780.83,3724.944,0.20962194330975178,writing_time/total_time
67f1c7bd6f1c4a3d8deae02f,toml,499.347,3569.983,0.13987377530929418,writing_time/total_time
67f3619e16d4ca195fbd1bd0,yaml,499.546,4252.152,0.11748074857154683,writing_time/total_time
67f5bb69760b211cdfe8021c,jsonc,780.439,2438.165,0.3200927746891617,writing_time/total_time
67f913a9b5c79e960807c7e3,yaml,627.119,3824.931,0.1639556373696676,writing_time/total_time
